sleep_duration,heart_rate,activity_level,steps_per_day,calories_burned,hydration_level
3.9,69.0,Sedentary,15691,2243,1.6
7.3,67.0,Lightly Active,13482,2611,1.0
5.3,70.0,Lightly Active,6753,3221,3.2
6.4,61.0,Sedentary,3833,3278,2.3
7.1,70.0,Active,7928,2079,1.9
6.6,60.0,Very Active,10645,3998,3.3
6.2,83.0,Very Active,8816,1932,3.5
6.2,86.0,Sedentary,19124,1873,3.9
6.7,83.0,Lightly Active,9256,3982,2.9
6.7,58.0,Very Active,12549,2710,2.4
7.0,69.0,Sedentary,17062,3274,1.9
6.9,79.0,Very Active,11635,3541,1.7
8.5,81.0,Active,11940,3765,1.6
4.5,50.0,Very Active,4401,2631,2.2
7.3,81.0,Very Active,15111,3342,4.0
7.1,57.0,Active,13363,3073,1.0
6.8,70.0,Active,14432,3430,1.6
6.2,87.0,Lightly Active,11978,2447,1.6
6.8,85.0,Sedentary,19793,1848,3.2
5.0,88.0,Lightly Active,2909,2287,2.1
7.2,59.0,Lightly Active,2760,3045,2.4
7.5,62.0,Sedentary,7612,1525,1.4
6.2,65.0,Lightly Active,5240,2571,2.2
9.3,70.0,Very Active,2530,2358,1.3
6.9,75.0,Sedentary,11551,1869,2.6
7.1,87.0,Lightly Active,12219,3135,1.3
8.6,61.0,Lightly Active,18216,2710,3.4
9.6,64.0,Active,4560,3047,2.7
5.7,89.0,Lightly Active,7103,2383,3.2
6.3,58.0,Very Active,19921,3414,2.3
6.9,81.0,Active,11465,1778,2.1
6.1,71.0,Active,4781,3888,1.3
8.0,77.0,Sedentary,19330,2851,2.6
6.0,62.0,Active,7257,3202,2.5
8.5,80.0,Very Active,4188,3157,2.4
7.7,64.0,Lightly Active,8063,3428,3.2
8.4,55.0,Lightly Active,17615,2106,3.5
6.0,78.0,Sedentary,2881,2548,3.3
6.5,50.0,Very Active,3847,4076,1.4
8.1,65.0,Sedentary,8599,3973,2.9
7.9,75.0,Very Active,6568,1528,1.2
6.7,81.0,Lightly Active,18314,2455,3.1
6.8,87.0,Active,9163,1822,2.1
6.5,93.0,Active,13156,3376,1.4
6.8,90.0,Sedentary,13255,3860,3.6
5.8,74.0,Lightly Active,13320,2083,2.8
5.6,86.0,Lightly Active,4216,2793,2.1
8.2,74.0,Sedentary,7701,4309,1.1
6.8,80.0,Very Active,13780,3842,2.6
8.4,65.0,Sedentary,12694,2155,3.8
7.7,78.0,Active,6809,2285,2.8
7.4,66.0,Lightly Active,18562,1722,3.9
6.1,70.0,Lightly Active,16392,3622,1.4
5.5,78.0,Active,9771,3649,2.7
6.5,97.0,Active,3929,4432,3.4
8.8,77.0,Lightly Active,16306,3720,2.6
8.1,72.0,Active,16244,2527,1.3
6.3,62.0,Lightly Active,2111,3183,2.7
6.5,83.0,Very Active,13411,3942,2.8
5.9,68.0,Lightly Active,19098,3149,3.2
5.1,76.0,Lightly Active,13116,2332,3.3
7.1,80.0,Active,17707,2503,3.3
9.1,87.0,Sedentary,19765,1666,
9.1,82.0,Lightly Active,5127,3847,1.6
7.7,57.0,Lightly Active,15100,3516,2.2
6.3,51.0,Very Active,13203,1617,3.3
5.3,80.0,Very Active,3208,4059,3.9
8.3,73.0,Active,13317,4159,1.2
7.5,,Active,2036,3309,2.6
6.6,93.0,Active,13252,3706,1.9
6.4,65.0,Lightly Active,9006,2907,1.7
7.7,87.0,Lightly Active,17067,2750,2.5
6.0,65.0,Very Active,7347,1962,2.8
7.3,91.0,Sedentary,2809,3233,1.0
5.5,81.0,Lightly Active,6118,3171,3.3
9.7,54.0,Very Active,19910,3651,3.5
6.2,67.0,Active,15083,2481,3.9
7.8,95.0,Sedentary,18879,3797,1.5
5.6,93.0,Sedentary,15187,2536,2.8
6.8,79.0,Active,2424,4114,2.3
8.1,76.0,Active,3982,3379,2.0
8.3,75.0,Lightly Active,19852,2096,2.7
7.9,77.0,Lightly Active,17918,2120,3.3
6.8,70.0,Very Active,17398,4102,1.1
6.2,87.0,Lightly Active,13992,2911,3.9
5.7,79.0,Active,3233,1570,3.4
8.8,60.0,Lightly Active,11989,2455,3.3
7.1,80.0,Lightly Active,16546,3303,3.3
7.3,74.0,Lightly Active,10756,1937,2.2
8.4,68.0,Very Active,5019,2567,3.3
7.7,95.0,Very Active,3304,3425,2.2
6.8,73.0,Lightly Active,16144,2537,3.7
7.9,50.0,Very Active,18516,2902,1.5
6.3,69.0,Lightly Active,18832,3861,1.9
5.1,84.0,Active,12022,2938,2.7
8.7,61.0,Sedentary,12350,1984,2.0
6.4,84.0,Very Active,13818,1668,2.3
6.6,60.0,Sedentary,2849,4435,2.5
6.7,88.0,Active,5962,2302,3.6
6.3,65.0,Active,6854,1745,2.6
8.3,68.0,Sedentary,3539,3813,2.1
7.4,67.0,Lightly Active,4944,2348,1.7
6.6,79.0,Sedentary,5244,3790,2.2
5.5,94.0,Active,15255,3525,2.5
7.4,72.0,Lightly Active,3591,3193,3.2
4.1,72.0,Active,17768,2850,1.4
7.3,65.0,Very Active,9855,2029,1.7
8.6,52.0,Lightly Active,3601,3118,2.1
7.1,66.0,Sedentary,14809,2346,2.1
8.4,57.0,Active,19606,3889,2.2
5.5,50.0,Active,7690,3288,3.4
9.4,71.0,Very Active,14521,3202,2.0
8.3,65.0,Lightly Active,3842,2259,2.5
7.6,89.0,Lightly Active,12483,2903,2.9
6.3,62.0,Very Active,10058,2297,1.7
6.1,80.0,Very Active,15704,2031,3.2
6.9,80.0,Active,7565,3417,2.6
8.4,88.0,Lightly Active,13088,2363,2.3
5.4,70.0,Lightly Active,6488,1541,3.4
7.0,88.0,Sedentary,10906,2098,1.7
7.9,79.0,Very Active,3927,1805,3.6
8.1,86.0,Lightly Active,17512,2308,2.7
7.9,101.0,Active,10301,4409,2.8
5.3,71.0,Active,10457,2763,3.6
8.4,74.0,Lightly Active,7492,2178,3.5
7.1,68.0,Lightly Active,5223,2230,2.8
5.7,91.0,Active,2954,3988,3.3
7.0,103.0,Lightly Active,11541,3525,2.3
4.6,81.0,Lightly Active,17007,2432,2.6
7.7,53.0,Lightly Active,3574,2402,1.2
6.8,61.0,Very Active,17674,1632,1.3
5.5,86.0,Very Active,17426,4266,3.5
6.7,58.0,Active,9095,3598,1.2
6.2,65.0,Active,14023,4165,1.5
6.2,64.0,Active,5255,1891,3.4
4.3,71.0,Active,3058,4243,1.0
5.0,75.0,Very Active,3957,4070,1.8
6.7,50.0,Lightly Active,6944,2007,2.8
6.5,54.0,Sedentary,7058,3185,2.8
8.2,54.0,Very Active,4519,3901,3.3
6.2,55.0,Active,13845,4414,2.5
6.4,72.0,Lightly Active,4570,2918,2.5
6.4,74.0,Very Active,9450,2455,
6.8,,Lightly Active,9703,1595,2.5
7.1,79.0,Lightly Active,17898,1605,2.8
6.5,65.0,Active,16389,2177,3.7
7.7,75.0,Lightly Active,17414,4060,2.2
9.8,85.0,Active,2744,2355,2.2
6.0,69.0,Lightly Active,5514,3462,1.0
7.5,68.0,Sedentary,12871,2289,2.8
7.0,61.0,Active,15536,2014,1.1
8.3,62.0,Active,2175,4445,2.5
7.2,80.0,Sedentary,18949,2584,3.4
6.1,,Very Active,5217,2507,2.6
5.6,96.0,Active,17106,2817,1.8
7.7,64.0,Lightly Active,15696,4284,3.4
5.7,81.0,Lightly Active,11586,3849,1.8
8.4,77.0,Very Active,7802,4193,3.2
7.7,71.0,Active,9034,3778,2.8
7.1,67.0,Lightly Active,18263,2932,1.5
5.4,79.0,Sedentary,11412,4285,3.7
7.8,79.0,Lightly Active,19331,1796,1.6
8.9,74.0,Lightly Active,10776,1954,4.0
6.5,77.0,Active,13054,2441,1.0
6.1,72.0,Very Active,11812,1739,1.8
6.9,52.0,Lightly Active,13399,3121,1.6
7.6,73.0,Very Active,16963,4098,1.0
6.4,69.0,Very Active,12768,3685,3.2
8.1,95.0,Very Active,2531,1953,3.1
9.3,80.0,Very Active,19615,2749,3.4
7.4,74.0,Very Active,19929,3990,1.8
6.6,78.0,Active,13357,3574,2.3
7.5,60.0,Lightly Active,3437,4004,3.0
8.4,65.0,Active,7502,2194,2.3
7.2,68.0,Very Active,9608,2209,3.1
7.6,77.0,Lightly Active,7566,3514,2.9
7.8,67.0,Lightly Active,10808,2348,1.3
5.9,66.0,Sedentary,6014,2448,3.3
7.6,59.0,Very Active,15613,1606,3.2
5.4,72.0,Active,9399,3991,3.0
6.2,74.0,Active,2931,3224,1.5
8.4,77.0,Lightly Active,18777,3583,1.8
8.0,64.0,Active,4465,2096,2.2
6.7,76.0,Sedentary,17623,1654,1.8
9.0,60.0,Active,16008,2295,1.7
5.4,69.0,Lightly Active,10817,1771,3.4
6.8,76.0,Very Active,7988,3070,2.9
,69.0,Active,9509,2943,2.7
3.6,53.0,Active,14849,2707,1.7
6.8,55.0,Active,13071,3134,3.8
5.7,75.0,Active,16081,2760,1.6
5.7,79.0,Lightly Active,15228,3438,3.4
6.7,76.0,Active,13614,3032,3.9
4.8,79.0,Very Active,12301,1621,3.2
6.0,69.0,Lightly Active,4781,2940,4.0
4.8,81.0,Active,12083,2898,
7.1,76.0,Very Active,13374,3003,1.7
7.1,64.0,Very Active,3639,1649,1.6
6.6,78.0,Active,15838,2206,2.0
8.2,76.0,Active,10973,3115,1.0
6.6,92.0,Very Active,15982,3013,3.0
7.0,89.0,Very Active,14884,3700,1.8
5.9,71.0,Very Active,12248,4098,3.4
4.2,67.0,Active,12515,2344,2.1
6.8,91.0,Lightly Active,4274,3827,2.4
6.7,79.0,Sedentary,12830,3969,3.9
9.1,70.0,Lightly Active,4480,3476,1.7
7.8,50.0,Very Active,8799,3335,3.2
6.5,,Very Active,10547,2303,3.3
7.2,62.0,Active,16328,1854,1.7
8.1,70.0,Active,14679,3105,2.5
7.6,79.0,Lightly Active,15928,1877,2.1
9.0,81.0,Active,12659,3627,3.3
6.1,90.0,Active,8104,3080,2.9
,83.0,Lightly Active,18547,2487,2.4
6.5,56.0,Lightly Active,14925,1732,3.3
7.2,84.0,Active,5381,1653,1.7
6.3,93.0,Lightly Active,4064,2406,3.3
6.8,92.0,Very Active,8589,3120,3.6
7.3,57.0,Lightly Active,9447,3918,3.6
7.7,70.0,Very Active,2339,1822,3.4
7.1,84.0,Lightly Active,7130,1831,2.2
4.0,58.0,Lightly Active,9733,1742,3.9
6.9,51.0,Active,15110,1929,2.1
8.8,76.0,Active,7049,2705,2.9
6.9,64.0,Active,12318,4356,1.5
,52.0,Lightly Active,14633,2996,3.9
6.9,87.0,Sedentary,17608,3923,3.1
5.1,74.0,Active,2638,1580,3.3
6.5,66.0,Sedentary,9709,3073,1.2
6.3,60.0,Lightly Active,7143,1919,3.3
6.7,74.0,Active,3224,1966,3.3
5.6,78.0,Sedentary,16466,2580,3.0
7.0,76.0,Sedentary,17279,3500,1.9
6.6,54.0,Sedentary,14102,3065,2.5
8.5,78.0,Very Active,6245,3018,1.3
5.5,80.0,Lightly Active,11741,4376,2.4
7.3,68.0,Very Active,9407,3535,1.7
7.5,84.0,Lightly Active,16790,2303,2.0
7.9,62.0,Active,17642,2577,1.5
6.6,87.0,Lightly Active,11567,3132,1.7
7.3,74.0,Active,10859,3484,1.2
7.4,66.0,Very Active,7768,1503,3.8
5.0,68.0,Very Active,19399,3402,2.6
6.6,84.0,Active,2335,2102,2.2
7.0,75.0,Very Active,14953,3867,2.6
7.1,80.0,Lightly Active,17330,2898,2.9
7.1,85.0,Active,18464,2000,3.8
7.5,66.0,Active,4134,3185,1.5
9.3,74.0,Very Active,18641,4118,1.9
6.3,69.0,Lightly Active,2184,1684,3.9
7.5,84.0,Very Active,18506,4103,2.1
8.6,67.0,Active,10056,4440,1.1
4.8,,Active,9263,2795,1.4
7.3,100.0,Lightly Active,15191,1554,1.1
5.0,87.0,Lightly Active,5514,3224,4.0
9.6,60.0,Active,8077,4410,
7.6,83.0,Active,19778,3370,3.8
7.5,80.0,Very Active,4352,1576,4.0
,59.0,Active,17716,3843,2.8
6.4,71.0,Active,11500,3101,1.1
6.4,61.0,Very Active,16992,3171,1.2
,50.0,Active,12133,4293,2.4
7.9,70.0,Active,8405,3234,2.2
5.0,66.0,Lightly Active,18874,4447,2.8
7.6,59.0,Lightly Active,19438,3590,2.3
5.2,72.0,Active,19085,2884,3.8
5.0,50.0,Very Active,4934,2751,2.6
7.5,72.0,Lightly Active,16347,3774,3.1
7.9,72.0,Lightly Active,15502,2586,3.7
7.6,80.0,Active,15711,1670,1.4
9.3,53.0,Sedentary,15848,4309,1.7
7.4,98.0,Active,16426,4397,1.3
7.2,93.0,Active,6695,3854,1.4
5.5,63.0,Lightly Active,18203,3273,2.5
8.0,90.0,Very Active,17860,4115,2.0
5.0,82.0,Active,16097,3581,2.3
9.4,67.0,Active,16636,2326,3.9
8.0,65.0,Lightly Active,10843,3165,1.5
10.3,66.0,Lightly Active,18800,1629,2.6
7.5,106.0,Very Active,17573,2917,1.3
8.1,88.0,Lightly Active,7566,2674,2.0
6.7,70.0,Lightly Active,7999,4202,2.6
6.9,71.0,Lightly Active,5866,4177,3.8
5.7,82.0,Lightly Active,10937,2907,2.2
5.3,82.0,Lightly Active,4002,2540,1.2
7.2,61.0,Lightly Active,18623,2093,2.2
6.9,76.0,Very Active,11047,2537,1.4
5.7,65.0,Active,17925,3628,1.7
5.9,74.0,Lightly Active,14707,1703,2.9
7.0,71.0,Active,12790,3307,1.2
5.7,84.0,Sedentary,17301,3067,2.4
7.4,69.0,Active,17596,1522,2.8
5.7,73.0,Lightly Active,3353,4161,2.3
7.3,50.0,Sedentary,12227,3133,1.1
5.6,76.0,Very Active,17828,3691,4.0
5.6,63.0,Lightly Active,19063,1603,2.1
4.2,54.0,Very Active,10678,2905,3.3
6.8,86.0,Lightly Active,14910,2978,2.0
8.7,71.0,Sedentary,8864,3871,2.4
8.7,50.0,Active,16716,2694,2.2
7.4,63.0,Active,19868,2075,2.0
4.6,72.0,Lightly Active,17150,3106,1.1
8.0,72.0,Lightly Active,19074,1773,2.1
7.3,66.0,Sedentary,8125,1951,3.7
6.5,50.0,Very Active,11204,4428,3.1
8.4,65.0,Active,4347,1624,1.4
7.7,85.0,Sedentary,16743,3864,2.8
9.4,89.0,Very Active,5708,3366,3.7
5.3,65.0,Lightly Active,12114,3654,3.1
5.4,95.0,Lightly Active,2637,3183,1.4
5.6,53.0,Lightly Active,7866,2406,3.6
6.7,62.0,Active,5008,1929,1.9
8.9,83.0,Sedentary,18251,4251,2.4
6.3,81.0,Active,7600,1861,2.6
6.3,72.0,Very Active,13649,2295,3.6
7.5,59.0,Lightly Active,13366,1931,3.8
8.0,59.0,Lightly Active,13880,4222,3.8
4.3,63.0,Lightly Active,19783,3043,1.0
8.2,59.0,Active,19889,2358,3.8
6.2,74.0,Very Active,10441,2929,1.2
6.9,71.0,Lightly Active,7320,2845,1.8
8.7,58.0,Sedentary,10727,3130,2.5
6.7,68.0,Lightly Active,13724,2075,2.4
5.2,50.0,Lightly Active,8443,2588,2.8
5.2,76.0,Active,15394,2392,2.4
7.0,81.0,Sedentary,8952,1769,3.8
6.6,61.0,Lightly Active,10649,3519,1.7
7.1,63.0,Active,5369,2623,1.8
6.5,75.0,Lightly Active,9983,1937,3.8
8.5,73.0,Active,13888,2542,1.2
7.0,81.0,Sedentary,7635,3772,2.8
4.9,,Very Active,6069,3141,3.0
8.0,64.0,Lightly Active,8251,4007,2.5
9.3,69.0,Very Active,13579,3941,3.1
7.2,59.0,Lightly Active,7737,4459,1.5
7.3,69.0,Active,11439,2883,3.6
6.1,59.0,Lightly Active,4573,2953,1.4
6.7,77.0,Active,2125,1514,2.2
7.6,61.0,Lightly Active,11421,4107,1.2
8.4,75.0,Active,13403,3174,2.6
7.5,89.0,Active,3306,2503,3.0
9.2,77.0,Active,4101,3961,3.8
7.1,74.0,Active,16681,2878,3.2
5.7,,Sedentary,2135,2980,2.6
5.7,89.0,Lightly Active,9311,3245,3.8
8.5,85.0,Active,19843,3361,2.4
8.2,70.0,Sedentary,2812,1614,2.7
5.0,67.0,Lightly Active,12130,2875,2.8
6.7,62.0,Lightly Active,19254,2475,2.2
6.8,93.0,Lightly Active,17227,3185,3.5
6.1,81.0,Active,15760,3583,1.6
5.3,63.0,Active,10826,3789,2.7
6.1,85.0,Very Active,15939,3186,3.2
5.9,88.0,Lightly Active,2668,1562,3.7
5.3,72.0,Very Active,19677,4213,3.7
8.0,68.0,Active,10460,2008,2.5
7.3,60.0,Very Active,10673,1687,2.9
6.4,80.0,Very Active,5390,4282,2.2
4.5,67.0,Active,11453,1592,2.4
6.6,66.0,Lightly Active,17904,1504,3.7
7.6,72.0,Lightly Active,17396,3572,3.8
6.1,62.0,Lightly Active,6334,4055,3.7
5.6,90.0,Very Active,18285,1597,1.4
6.9,84.0,Very Active,4235,2791,3.6
7.4,73.0,Active,7019,4209,
4.6,62.0,Very Active,2675,3287,2.1
8.6,62.0,Very Active,11873,2808,2.6
5.5,62.0,Active,7587,2183,3.3
6.5,57.0,Active,7945,2632,2.7
8.4,76.0,Lightly Active,6767,1526,4.0
7.2,64.0,Lightly Active,9004,3281,2.4
8.3,64.0,Sedentary,9728,3602,3.1
8.9,62.0,Lightly Active,8609,2280,3.4
5.2,84.0,Active,9131,3845,2.5
8.1,63.0,Lightly Active,19696,3114,3.6
8.6,87.0,Very Active,6099,2541,2.6
6.5,69.0,Lightly Active,17859,4365,2.2
6.6,,Sedentary,17582,3293,1.3
4.7,78.0,Very Active,19669,2354,2.2
7.9,83.0,Active,13639,3142,3.2
4.0,62.0,Lightly Active,7180,3432,3.8
8.2,73.0,Active,19763,3526,1.8
5.3,76.0,Lightly Active,18192,3487,2.1
8.7,73.0,Very Active,19029,4106,1.5
7.5,67.0,Active,7412,2769,3.1
8.2,83.0,Lightly Active,6652,4050,3.9
6.0,69.0,Active,8834,2612,2.9
5.4,65.0,Very Active,6451,3750,2.9
4.9,51.0,Active,9084,4493,2.7
8.3,51.0,Very Active,14862,1739,1.3
7.8,75.0,Lightly Active,16692,1989,3.2
7.8,71.0,Very Active,18748,2536,2.8
7.3,83.0,Active,4655,4196,3.0
7.7,86.0,Active,9433,2838,3.7
6.7,69.0,Lightly Active,3314,3536,3.4
7.4,83.0,Very Active,16902,2184,3.3
6.0,65.0,Active,7272,3526,3.8
6.6,70.0,Very Active,2218,3790,4.0
10.7,70.0,Lightly Active,6703,4054,
7.0,91.0,Sedentary,17994,3114,1.3
4.6,57.0,Lightly Active,3539,3267,2.4
6.5,73.0,Active,15145,2112,3.4
5.7,64.0,Active,19986,1661,1.1
7.2,68.0,Active,7064,2155,1.2
5.9,68.0,Active,15788,2120,1.2
6.7,73.0,Very Active,19489,2756,3.2
6.1,88.0,Lightly Active,13603,3658,2.5
7.2,95.0,Lightly Active,4488,3451,2.1
6.2,80.0,Very Active,18411,4481,1.3
7.4,60.0,Active,10207,2755,3.2
9.3,70.0,Active,14770,3475,2.0
5.6,75.0,Active,9977,2249,1.8
7.9,67.0,Active,6661,2208,3.0
4.1,69.0,Lightly Active,6549,3820,2.7
6.7,71.0,Active,17029,3121,2.1
7.3,81.0,Very Active,6973,4354,2.9
6.1,78.0,Active,10436,1540,1.8
4.9,65.0,Sedentary,12086,2059,3.4
7.0,79.0,Active,19740,1965,1.7
8.8,93.0,Lightly Active,8964,2600,1.5
6.8,54.0,Lightly Active,16842,3213,3.3
7.7,67.0,Very Active,3745,1989,3.1
8.4,66.0,Lightly Active,14697,1616,1.5
,73.0,Very Active,5879,3981,1.3
5.7,50.0,Lightly Active,4267,3094,3.5
5.9,88.0,Active,11688,1695,3.3
6.6,73.0,Active,17065,2118,2.0
7.7,76.0,Lightly Active,12988,2974,3.0
4.2,74.0,Active,6481,3972,1.4
7.8,66.0,Very Active,2929,2807,2.5
7.2,80.0,Active,9773,1533,1.1
6.4,72.0,Active,5324,3842,2.2
7.5,50.0,Very Active,6587,2774,
8.1,71.0,Lightly Active,2356,1838,2.4
8.2,69.0,Sedentary,17787,4165,2.3
7.0,80.0,Sedentary,7499,1679,2.3
7.4,104.0,Active,5841,2121,1.1
7.3,77.0,Very Active,14122,3156,2.1
8.5,97.0,Active,15409,4166,3.3
7.5,64.0,Very Active,9059,2142,2.1
7.8,65.0,Active,2665,3570,3.1
8.1,69.0,Lightly Active,12220,3180,2.1
9.4,77.0,Lightly Active,12774,2850,2.3
6.3,64.0,Very Active,2553,2677,2.7
9.0,53.0,Sedentary,15860,2118,3.9
10.0,72.0,Active,9045,2669,1.3
6.4,58.0,Lightly Active,11380,1751,1.1
6.7,85.0,Lightly Active,2149,1801,2.8
6.5,80.0,Active,18373,3066,3.8
7.8,63.0,Lightly Active,15343,3710,4.0
4.8,77.0,Very Active,4853,2111,2.5
6.4,65.0,Lightly Active,12128,2571,2.4
6.7,71.0,Active,14580,3992,2.9
6.6,71.0,Active,17254,3443,2.7
6.6,68.0,Active,4736,1573,2.9
6.4,82.0,Very Active,2956,4373,3.6
7.9,59.0,Lightly Active,13440,3227,3.2
7.6,78.0,Sedentary,7180,2041,2.5
9.0,76.0,Sedentary,10607,1656,2.4
7.9,55.0,Very Active,13646,2789,2.9
5.7,62.0,Very Active,16342,1755,2.4
6.8,59.0,Lightly Active,7013,2551,2.4
6.7,68.0,Active,2084,2436,1.0
7.3,73.0,Sedentary,3935,3665,1.5
8.3,61.0,Lightly Active,11608,3917,2.5
7.2,84.0,Active,11262,3756,3.5
7.2,85.0,Sedentary,13604,4134,1.8
7.0,87.0,Active,11713,4396,2.6
8.0,50.0,Active,19885,3391,2.0
6.3,95.0,Active,4473,3081,1.3
5.3,74.0,Active,2735,1815,3.9
7.8,73.0,Active,4838,3991,3.6
7.5,71.0,Active,4562,3275,1.2
8.6,56.0,Sedentary,15440,3470,3.2
4.1,76.0,Active,5906,2721,
6.9,91.0,Lightly Active,3272,3222,4.0
7.1,74.0,Sedentary,6836,4175,1.9
5.2,59.0,Active,3862,3992,1.7
6.9,54.0,Very Active,6226,2069,2.7
8.4,68.0,Lightly Active,14610,4129,3.5
9.5,63.0,Sedentary,11014,4152,1.6
8.2,80.0,Sedentary,18926,4288,3.1
6.6,88.0,Lightly Active,8209,2407,1.2
8.5,78.0,Active,12270,2148,3.8
8.1,71.0,Lightly Active,19268,3140,1.2
6.4,70.0,Very Active,5649,3852,3.7
6.3,73.0,Active,16126,1838,2.5
6.8,58.0,Active,18073,2028,2.3
5.7,,Active,5666,3601,3.9
6.6,59.0,Lightly Active,15357,2635,4.0
7.6,85.0,Lightly Active,17448,4231,3.0
8.2,68.0,Active,11913,3451,1.4
6.5,82.0,Sedentary,10566,1918,2.5
8.7,54.0,Active,17605,3852,2.6
7.8,82.0,Lightly Active,2557,3179,2.5
7.8,88.0,Lightly Active,11472,1584,2.7
5.9,57.0,Lightly Active,13615,3799,1.1
9.2,71.0,Lightly Active,8040,3251,3.1
7.7,76.0,Very Active,15884,1625,3.1
6.6,77.0,Lightly Active,3128,4157,1.3
6.4,68.0,Very Active,19744,3527,2.7
6.6,66.0,Active,11292,2928,2.7
5.8,75.0,Very Active,7349,3851,3.0
8.2,76.0,Active,14319,4395,1.3
5.9,,Very Active,11823,2789,2.9
7.3,62.0,Lightly Active,2057,4202,1.8
6.5,87.0,Active,10503,2143,2.5
7.8,73.0,Sedentary,12193,4405,3.3
8.0,50.0,Lightly Active,7493,4058,3.1
6.2,87.0,Active,5877,3754,1.4
7.0,65.0,Active,4282,2073,2.8
5.3,73.0,Lightly Active,13375,4422,3.9
9.0,76.0,Sedentary,3431,4058,1.5
8.3,54.0,Active,14526,3521,3.6
5.3,69.0,Active,3775,3167,3.1
6.0,88.0,Sedentary,13351,3748,3.3
6.8,85.0,Very Active,16639,4370,1.8
7.0,69.0,Very Active,6385,2807,1.9
6.2,81.0,Very Active,17203,1636,3.7
5.6,82.0,Very Active,5974,1629,2.1
7.5,82.0,Sedentary,7905,2718,1.2
9.1,58.0,Very Active,6465,2517,2.8
7.1,92.0,Lightly Active,8945,1931,1.4
6.6,66.0,Lightly Active,13058,4087,3.4
6.5,73.0,Very Active,14636,3882,2.9
5.7,68.0,Lightly Active,4302,4073,3.6
6.2,75.0,Active,6966,4105,3.4
8.4,62.0,Sedentary,15447,2408,1.3
4.5,69.0,Active,16162,3513,2.1
7.1,74.0,Active,18058,4057,3.3
7.0,87.0,Lightly Active,10714,1708,2.3
7.1,85.0,Sedentary,12899,3484,3.9
7.9,86.0,Active,4998,1557,3.2
7.1,82.0,Active,2909,3507,1.0
6.5,94.0,Lightly Active,14729,4363,3.6
6.2,69.0,Very Active,3880,2868,1.3
8.6,70.0,Lightly Active,14497,2537,1.4
8.2,70.0,Very Active,9527,2882,3.2
10.5,71.0,Sedentary,7696,1876,3.6
6.7,,Lightly Active,5072,3790,2.6
6.2,75.0,Lightly Active,14018,2492,1.9
7.5,78.0,Lightly Active,6476,4438,2.1
7.5,69.0,Sedentary,13067,1914,2.0
,51.0,Lightly Active,6489,1893,2.0
8.0,72.0,Lightly Active,18219,2228,1.7
7.8,56.0,Lightly Active,16367,1857,2.8
8.3,77.0,Active,8855,3099,3.7
8.4,73.0,Very Active,5097,2681,1.9
8.5,75.0,Lightly Active,13817,4221,1.6
4.3,59.0,Active,3084,3565,3.5
,87.0,Active,2552,4275,3.2
5.9,74.0,Active,3153,4108,3.8
8.3,61.0,Very Active,19077,3091,1.5
4.3,79.0,Very Active,10689,1654,1.4
8.8,73.0,Lightly Active,15483,3090,2.6
6.0,94.0,Active,17034,3054,2.8
5.7,65.0,Active,14159,1986,2.4
7.4,57.0,Lightly Active,2805,3698,2.8
6.6,75.0,Lightly Active,2920,2882,1.5
9.1,84.0,Very Active,15162,3915,2.4
8.6,100.0,Active,3443,2570,3.0
6.4,113.0,Sedentary,9048,3754,2.3
8.3,53.0,Sedentary,15707,3997,3.0
6.3,70.0,Very Active,19929,3006,2.4
6.3,57.0,Sedentary,3210,3375,2.0
7.9,69.0,Active,18004,2423,1.9
8.7,102.0,Lightly Active,12272,4244,2.2
6.5,62.0,Sedentary,8212,4117,1.1
6.6,72.0,Sedentary,12340,3690,3.0
7.4,65.0,Lightly Active,11700,2570,3.5
5.9,60.0,Sedentary,19297,1690,2.1
8.9,94.0,Active,10581,1639,1.1
,54.0,Active,15045,2114,4.0
6.2,71.0,Lightly Active,4570,4472,1.8
9.1,73.0,Active,4779,3014,1.4
7.3,72.0,Active,13628,2123,2.1
9.3,68.0,Lightly Active,19178,2839,3.2
6.7,91.0,Lightly Active,3722,2845,1.9
10.0,50.0,Lightly Active,15885,1586,2.7
7.7,77.0,Very Active,19282,3417,2.2
6.1,78.0,Active,2102,1781,1.4
6.1,75.0,Lightly Active,15262,4311,2.0
5.3,62.0,Active,9453,2597,3.2
5.4,86.0,Lightly Active,11639,1952,2.8
6.2,86.0,Sedentary,14406,1546,1.4
5.8,62.0,Active,14224,3111,1.5
,58.0,Active,8172,4485,2.9
8.0,55.0,Lightly Active,13252,3578,3.4
7.9,75.0,Very Active,19918,4081,2.0
7.4,73.0,Lightly Active,9197,3564,2.8
5.6,68.0,Lightly Active,15677,3183,1.5
9.0,97.0,Very Active,13039,2758,1.9
6.8,66.0,Active,6570,1891,1.1
6.0,74.0,Very Active,8706,1853,3.3
7.3,70.0,Very Active,13655,1804,2.2
7.2,96.0,Very Active,2434,3122,3.4
4.0,50.0,Sedentary,17139,3073,3.1
7.0,68.0,Lightly Active,11449,3063,3.5
7.1,79.0,Active,11122,3112,1.9
6.5,69.0,Active,15603,3448,1.6
5.4,56.0,Active,12991,4056,3.9
5.4,74.0,Lightly Active,15859,2211,3.2
7.6,53.0,Lightly Active,17571,2918,3.5
7.9,80.0,Active,8461,4232,1.0
6.5,67.0,Lightly Active,7996,2285,2.1
7.5,65.0,Lightly Active,6852,2356,3.2
6.5,85.0,Sedentary,4512,1676,1.2
6.0,60.0,Lightly Active,17446,2929,2.7
7.3,53.0,Active,3263,3848,2.3
5.6,,Active,4747,3992,1.1
9.3,97.0,Sedentary,17416,3568,1.7
5.3,60.0,Lightly Active,9280,2210,1.9
7.3,76.0,Active,12974,4248,1.3
7.2,82.0,Lightly Active,19477,3367,2.9
7.1,61.0,Very Active,12978,1651,1.7
8.8,61.0,Active,13007,4406,1.8
3.8,74.0,Very Active,5763,2966,3.7
7.5,75.0,Active,14227,1595,2.4
6.7,88.0,Lightly Active,15031,2598,2.2
7.7,63.0,Active,12515,4425,3.2
7.1,67.0,Sedentary,2232,2139,3.7
6.9,106.0,Sedentary,14544,2656,1.1
5.6,50.0,Sedentary,4028,3947,2.3
6.2,50.0,Lightly Active,18022,3793,2.8
10.8,55.0,Lightly Active,11650,1611,2.0
7.7,85.0,Lightly Active,4413,2693,3.3
8.3,67.0,Active,10026,3122,3.9
6.6,67.0,Very Active,7418,3133,3.8
6.0,60.0,Lightly Active,11952,2661,
7.9,83.0,Active,5597,3117,1.7
4.7,56.0,Sedentary,19762,2759,3.9
6.2,65.0,Very Active,2620,3171,2.4
6.6,61.0,Lightly Active,2929,4341,1.6
8.1,,Very Active,17455,3094,3.1
7.5,66.0,Lightly Active,16905,3663,1.9
6.4,71.0,Very Active,2974,2995,1.8
7.4,63.0,Lightly Active,14679,4481,3.6
6.6,69.0,Lightly Active,6671,2724,1.5
8.3,69.0,Lightly Active,15599,1791,
7.3,70.0,Lightly Active,14810,3889,1.8
9.1,59.0,Very Active,10917,2514,2.8
6.7,59.0,Active,10353,3133,1.4
8.5,73.0,Lightly Active,9784,2739,2.4
7.1,54.0,Very Active,16225,3159,2.9
6.2,69.0,Active,2658,2084,3.5
10.1,92.0,Very Active,4897,3413,1.7
8.6,72.0,Lightly Active,14291,3526,3.5
7.3,50.0,Very Active,15572,2992,1.7
7.9,74.0,Sedentary,5205,1526,3.0
5.7,82.0,Active,6044,3200,2.3
5.7,62.0,Lightly Active,5433,1954,1.3
8.3,68.0,Active,8711,2417,3.1
7.0,61.0,Active,9384,4127,1.7
6.8,66.0,Lightly Active,19261,1513,1.5
6.7,64.0,Very Active,19475,3645,2.1
7.2,77.0,Very Active,5059,1778,3.0
6.7,92.0,Very Active,17915,3463,1.7
4.6,73.0,Very Active,9513,1989,1.6
8.7,53.0,Active,15865,2484,1.0
6.9,102.0,Very Active,3674,2460,2.4
9.2,79.0,Very Active,11800,3282,2.3
4.9,81.0,Lightly Active,15978,4171,1.7
4.9,71.0,Active,18697,3754,1.2
6.7,75.0,Very Active,18767,3387,2.3
8.2,68.0,Active,7884,3369,3.4
5.5,83.0,Lightly Active,15383,3096,3.1
5.5,66.0,Sedentary,7248,4144,3.6
7.4,78.0,Very Active,5429,4242,1.0
6.6,84.0,Very Active,18611,2762,3.9
7.7,87.0,Lightly Active,12256,1749,2.0
6.6,84.0,Lightly Active,10203,3106,4.0
7.5,60.0,Lightly Active,9765,2239,1.8
8.6,91.0,Active,3522,1805,2.4
5.5,80.0,Lightly Active,2691,3306,2.1
8.4,,Active,3739,3436,2.1
5.0,77.0,Very Active,3525,3325,3.5
7.7,70.0,Active,18453,4265,3.2
8.7,66.0,Lightly Active,8251,1682,4.0
6.4,68.0,Very Active,12440,4192,2.8
7.8,87.0,Active,15860,1529,2.4
6.4,73.0,Sedentary,9649,2911,1.3
7.7,75.0,Active,3287,2266,4.0
4.3,,Active,15193,2114,2.7
7.2,64.0,Very Active,10767,2504,3.1
7.5,50.0,Very Active,17913,3621,2.2
8.6,81.0,Lightly Active,17629,1523,2.6
8.1,80.0,Lightly Active,6954,3975,3.8
6.8,72.0,Sedentary,2744,2555,1.5
7.3,59.0,Active,12719,4410,1.9
5.3,94.0,Active,14402,3886,1.5
9.0,68.0,Lightly Active,6576,3470,3.4
7.8,75.0,Lightly Active,11216,3504,1.2
4.8,64.0,Very Active,18363,3038,1.2
7.3,56.0,Very Active,19325,4059,1.9
7.4,79.0,Lightly Active,7050,2171,2.5
6.1,54.0,Active,15948,4424,2.2
7.1,75.0,Active,19151,2070,1.1
6.0,75.0,Lightly Active,4438,2263,3.9
5.3,59.0,Lightly Active,12382,2742,3.9
6.3,56.0,Lightly Active,16663,2212,1.8
7.2,63.0,Lightly Active,16069,4136,
8.1,64.0,Active,10819,2266,2.7
7.1,54.0,Lightly Active,18760,3282,1.7
8.1,58.0,Lightly Active,14078,2793,1.8
7.8,73.0,Active,18473,4366,2.5
5.8,96.0,Sedentary,13047,3174,2.3
,84.0,Active,11257,3625,1.9
7.8,74.0,Lightly Active,15805,3557,3.4
9.1,86.0,Active,18212,2991,2.4
7.5,86.0,Very Active,12296,2859,3.0
5.5,68.0,Lightly Active,16570,2135,1.6
6.3,75.0,Active,4655,2709,2.6
4.8,84.0,Lightly Active,16727,4139,2.0
7.6,85.0,Very Active,19899,4265,2.6
9.0,85.0,Very Active,5017,4112,3.3
4.1,60.0,Lightly Active,16142,3191,3.3
9.0,86.0,Active,9343,2797,2.1
7.6,,Sedentary,14339,3957,3.1
5.7,90.0,Very Active,3573,1857,3.8
7.3,59.0,Lightly Active,7597,3170,2.9
5.7,56.0,Very Active,5926,3645,1.4
7.5,78.0,Lightly Active,12244,2506,3.0
7.1,90.0,Active,5796,1740,1.3
7.4,75.0,Very Active,10823,4104,3.6
5.9,69.0,Very Active,12053,4258,2.5
6.1,71.0,Lightly Active,19616,3326,2.2
7.6,84.0,Active,2535,2764,1.2
6.4,68.0,Lightly Active,17701,1655,2.1
7.2,78.0,Lightly Active,9884,1851,3.7
7.5,70.0,Lightly Active,13725,1543,1.1
,61.0,Lightly Active,8881,4139,2.4
8.4,60.0,Active,15017,1637,3.8
6.8,78.0,Lightly Active,11467,3467,2.2
6.7,50.0,Active,5073,3983,2.3
6.2,78.0,Lightly Active,17963,2253,2.7
8.2,70.0,Lightly Active,3025,1642,2.4
6.2,83.0,Active,4051,3346,1.5
8.5,79.0,Sedentary,5621,3809,1.1
7.2,73.0,Lightly Active,16405,4059,2.8
10.2,59.0,Lightly Active,6403,4220,
6.2,60.0,Active,5323,1561,1.3
8.5,64.0,Active,7017,3090,1.6
7.6,82.0,Lightly Active,8435,2946,2.1
6.4,93.0,Lightly Active,17492,2919,3.4
7.6,76.0,Very Active,15170,3519,1.8
7.6,65.0,Very Active,7816,3578,3.6
6.6,66.0,Sedentary,6604,4496,1.2
7.5,67.0,Active,5424,4349,3.8
8.4,84.0,Lightly Active,16628,2692,2.7
7.6,66.0,Lightly Active,13861,3813,3.0
6.5,71.0,Lightly Active,14501,3855,2.1
6.4,88.0,Active,4812,4006,3.3
6.9,65.0,Lightly Active,2044,1833,1.5
8.3,79.0,Very Active,19017,4062,1.1
6.1,83.0,Active,11402,3988,2.2
7.5,73.0,Lightly Active,10785,4220,3.6
5.1,95.0,Active,16581,3938,3.3
7.7,92.0,Sedentary,3926,3295,2.6
7.9,75.0,Lightly Active,2856,4482,2.7
9.4,62.0,Lightly Active,7988,4107,1.4
8.1,63.0,Lightly Active,10743,1753,
6.5,75.0,Lightly Active,6138,2923,3.4
5.2,59.0,Sedentary,13080,2527,3.0
7.6,75.0,Lightly Active,18082,3411,2.4
6.6,92.0,Sedentary,16870,3666,3.9
7.4,73.0,Very Active,2606,2495,3.6
6.1,72.0,Sedentary,10863,1969,2.9
6.8,82.0,Lightly Active,7022,2993,2.1
5.0,78.0,Very Active,18400,4332,2.9
5.7,58.0,Active,7149,3387,2.7
5.6,67.0,Active,7311,3023,2.2
8.0,95.0,Sedentary,4484,2593,1.9
6.0,76.0,Active,17012,2193,2.2
8.7,60.0,Sedentary,17833,4412,2.7
6.0,70.0,Active,13041,4323,2.3
9.5,51.0,Very Active,5807,2893,1.8
4.7,50.0,Active,5173,3544,3.3
7.5,84.0,Lightly Active,19857,1680,2.6
7.0,72.0,Active,16212,2720,1.2
5.5,78.0,Active,12199,1546,2.1
6.3,86.0,Active,4412,2133,3.7
6.7,76.0,Active,18093,2663,3.3
7.3,81.0,Active,5182,3188,2.0
5.9,75.0,Active,3014,3063,3.8
7.5,87.0,Very Active,19988,2950,1.2
7.1,93.0,Very Active,19253,2088,3.9
7.9,74.0,Lightly Active,8913,3377,1.7
6.0,74.0,Active,4727,3857,1.0
6.5,76.0,Lightly Active,4852,3821,2.3
8.7,71.0,Active,11077,3062,2.1
5.9,67.0,Sedentary,3273,2339,2.6
5.3,85.0,Active,9649,2913,3.4
6.2,67.0,Active,3955,4006,3.5
4.9,67.0,Lightly Active,10778,2232,2.2
9.0,83.0,Very Active,6549,3908,2.3
6.7,84.0,Active,17863,2517,1.4
6.7,100.0,Lightly Active,13809,4209,1.1
7.9,87.0,Lightly Active,10302,4246,2.9
6.1,82.0,Very Active,10100,2954,1.2
6.7,84.0,Lightly Active,4911,4432,3.2
6.1,70.0,Active,14091,2257,2.6
4.9,79.0,Active,11099,3502,1.6
7.1,79.0,Very Active,7663,2120,2.6
8.2,65.0,Active,13881,3388,1.5
7.1,71.0,Active,16368,1681,2.3
,83.0,Very Active,18938,4233,3.4
5.7,72.0,Very Active,10298,4228,2.4
6.1,79.0,Active,5336,3795,1.4
5.4,83.0,Sedentary,8369,4167,3.2
7.4,82.0,Lightly Active,4534,2820,1.6
6.6,93.0,Active,4226,3299,3.2
6.6,65.0,Active,11585,3577,2.4
7.8,92.0,Lightly Active,2166,2825,2.4
6.4,78.0,Sedentary,12902,2999,3.6
8.3,82.0,Active,5624,4420,3.1
7.3,80.0,Lightly Active,19788,2447,1.1
6.6,80.0,Lightly Active,11717,2875,1.9
,64.0,Lightly Active,14601,2484,3.6
7.8,82.0,Active,15103,3864,1.1
7.3,55.0,Active,15030,4284,2.6
7.4,97.0,Lightly Active,4774,2920,3.2
7.4,77.0,Sedentary,11017,3715,2.9
6.4,86.0,Active,12150,4290,3.3
6.8,80.0,Active,5739,1625,3.2
6.4,72.0,Active,16911,4120,3.1
8.5,66.0,Lightly Active,6464,1619,3.5
6.7,63.0,Lightly Active,14381,2951,2.9
6.3,81.0,Very Active,15746,2508,2.2
8.6,81.0,Lightly Active,6094,2713,2.4
8.5,79.0,Active,4930,2951,3.2
7.3,71.0,Lightly Active,2763,4107,3.6
6.8,77.0,Sedentary,13552,2196,1.8
6.5,67.0,Sedentary,5450,3770,2.0
6.9,64.0,Active,16102,3015,3.8
6.0,69.0,Sedentary,3861,2534,2.7
7.6,69.0,Sedentary,12806,4340,1.5
9.0,90.0,Lightly Active,15283,3035,3.0
7.7,56.0,Sedentary,18493,2313,4.0
5.7,72.0,Lightly Active,14436,1809,3.5
7.5,80.0,Sedentary,10890,2511,3.2
,96.0,Lightly Active,17352,4296,1.6
7.5,65.0,Active,7529,2557,3.6
,59.0,Active,17843,2518,2.6
7.0,81.0,Lightly Active,10299,4028,3.7
8.1,74.0,Sedentary,10580,4121,2.0
5.7,69.0,Active,10616,2324,1.2
6.5,77.0,Lightly Active,13157,3544,2.4
6.7,82.0,Sedentary,12191,2616,1.8
8.2,81.0,Active,13767,2127,3.1
8.4,76.0,Very Active,19911,2656,3.9
4.7,88.0,Active,4026,4391,3.1
8.2,74.0,Sedentary,12958,2488,3.7
8.4,73.0,Very Active,3855,3966,2.4
8.3,81.0,Sedentary,17063,2991,3.3
6.4,57.0,Very Active,16915,3328,3.5
,79.0,Lightly Active,19981,3577,3.1
5.1,68.0,Lightly Active,19232,3492,2.5
4.5,56.0,Active,7958,3845,2.9
6.6,77.0,Very Active,16705,2584,3.1
7.1,67.0,Very Active,12108,4005,
7.2,53.0,Active,7761,3851,3.4
8.0,62.0,Active,2688,1839,3.9
10.7,92.0,Active,8306,3995,2.4
6.5,65.0,Active,7072,3359,3.1
5.7,76.0,Very Active,19739,2825,3.2
7.7,59.0,Sedentary,12909,4428,3.0
7.3,97.0,Lightly Active,14713,4087,2.6
6.3,73.0,Very Active,14614,4032,3.6
8.1,64.0,Very Active,11321,1576,2.3
6.0,83.0,Sedentary,8086,3156,1.2
6.8,97.0,Lightly Active,14731,4062,3.5
6.9,67.0,Very Active,15341,3072,3.0
5.9,64.0,Active,8667,4491,3.5
4.9,100.0,Active,14976,4206,1.4
7.3,71.0,Lightly Active,19374,1591,1.1
8.6,69.0,Very Active,14333,3374,3.8
8.2,50.0,Lightly Active,7290,1965,1.4
,72.0,Lightly Active,15044,4013,3.4
6.0,56.0,Lightly Active,19760,4237,3.5
7.3,65.0,Very Active,15537,2852,3.1
5.3,50.0,Active,17669,2808,1.4
7.2,87.0,Active,18340,2446,3.0
8.7,54.0,Lightly Active,17955,2053,3.7
8.7,50.0,Very Active,4887,3540,2.3
9.4,61.0,Active,17794,3656,2.2
8.2,87.0,Active,16560,1591,2.3
7.6,67.0,Very Active,3340,2502,1.2
8.0,68.0,Lightly Active,13929,1867,3.7
7.8,78.0,Active,2094,2319,3.6
6.0,70.0,Very Active,14840,1922,4.0
5.2,87.0,Active,17756,2071,2.8
8.1,69.0,Active,10126,4409,3.3
9.5,69.0,Sedentary,19881,2763,1.6
8.1,99.0,Active,12923,1934,3.0
4.7,73.0,Active,9053,3759,2.9
6.4,75.0,Lightly Active,17172,2923,3.7
6.8,69.0,Very Active,12935,3133,3.5
4.8,50.0,Lightly Active,14467,4073,3.8
5.3,82.0,Lightly Active,13073,3253,3.6
7.0,92.0,Active,9691,1967,3.6
7.3,87.0,Active,15770,2693,1.2
5.8,65.0,Sedentary,17688,3342,
5.3,70.0,Lightly Active,2201,2291,2.8
8.4,76.0,Sedentary,19882,4422,2.1
6.5,76.0,Lightly Active,15829,3757,1.2
6.7,80.0,Sedentary,5086,3803,3.0
6.3,74.0,Lightly Active,13305,3206,2.0
6.1,68.0,Lightly Active,4590,1572,2.4
8.6,74.0,Active,9125,1646,3.0
5.9,84.0,Very Active,9860,1816,3.7
7.2,107.0,Active,7408,2105,3.5
7.0,66.0,Active,3948,2074,2.4
4.7,75.0,Lightly Active,5963,2677,2.2
7.3,68.0,Active,2693,4094,1.7
5.1,76.0,Active,7363,4382,2.1
7.8,84.0,Active,14125,1811,1.3
5.6,70.0,Lightly Active,13924,4355,3.9
7.6,50.0,Lightly Active,7887,2264,2.7
6.5,84.0,Active,12851,3681,1.4
6.2,74.0,Lightly Active,9734,4495,2.1
7.3,68.0,Very Active,11913,1935,2.6
5.2,65.0,Lightly Active,18191,1857,
6.9,76.0,Sedentary,7293,4477,1.1
7.9,64.0,Active,15845,4430,3.9
8.3,65.0,Very Active,15820,3799,1.8
6.4,57.0,Lightly Active,4291,1634,1.0
6.6,64.0,Active,16395,2022,1.2
5.2,80.0,Lightly Active,14391,2303,2.7
6.1,55.0,Active,4698,4207,1.4
5.1,86.0,Active,13566,3866,1.1
7.5,58.0,Very Active,11202,1579,2.1
8.0,74.0,Sedentary,16055,2976,2.9
6.5,78.0,Lightly Active,3041,3961,1.3
5.7,82.0,Active,19941,3540,1.9
7.4,82.0,Sedentary,19591,1867,2.3
6.0,71.0,Active,11872,2506,1.5
7.8,70.0,Active,5621,2492,2.5
9.3,79.0,Lightly Active,5352,2095,
5.9,75.0,Very Active,12937,3396,1.1
6.1,68.0,Lightly Active,16602,4248,2.6
5.2,76.0,Very Active,10972,2544,
7.2,70.0,Very Active,2945,4096,1.3
7.1,65.0,Active,9973,3793,2.3
6.7,67.0,Sedentary,16118,3830,3.7
7.0,78.0,Very Active,13290,4161,3.2
5.7,61.0,Active,18383,4478,3.4
5.0,85.0,Lightly Active,12366,4353,3.6
6.1,65.0,Lightly Active,3797,3779,3.9
4.7,50.0,Lightly Active,13248,3863,3.3
5.9,79.0,Very Active,4257,4385,2.8
7.4,50.0,Very Active,4197,3323,2.1
7.1,60.0,Very Active,10222,3511,1.5
4.9,101.0,Active,16152,3499,3.1
8.3,85.0,Active,4912,1910,4.0
6.8,84.0,Lightly Active,13004,3792,2.4
5.4,59.0,Lightly Active,10874,1886,3.2
6.6,70.0,Lightly Active,17416,4236,2.5
6.3,87.0,Active,8152,3248,
6.0,80.0,Very Active,9172,3905,2.2
8.0,86.0,Very Active,5185,2521,2.5
5.7,93.0,Lightly Active,11161,4161,2.1
7.2,80.0,Active,17765,4345,3.2
5.4,57.0,Active,19467,3569,3.6
7.0,79.0,Active,6862,1518,3.6
7.3,69.0,Active,5070,1775,1.7
7.3,57.0,Lightly Active,13940,2158,3.7
7.1,83.0,Very Active,10563,4445,2.0
6.7,86.0,Active,16931,2051,1.9
5.7,71.0,Active,18585,2178,3.2
5.7,76.0,Lightly Active,18472,2102,1.9
7.4,50.0,Lightly Active,16772,1864,1.2
5.5,85.0,Lightly Active,16455,3473,2.1
5.2,82.0,Active,8299,2294,3.2
8.7,75.0,Very Active,12188,2858,2.0
6.7,57.0,Lightly Active,14686,4199,2.9
7.8,52.0,Active,16011,3274,3.0
8.0,96.0,Active,19938,2089,3.2
7.1,60.0,Lightly Active,14874,1698,3.7
6.5,74.0,Active,15441,3564,2.3
6.6,60.0,Active,2054,1717,1.5
8.9,50.0,Lightly Active,6031,2240,2.0
6.3,77.0,Lightly Active,11315,2149,2.3
7.2,79.0,Active,3552,3694,3.1
7.8,52.0,Lightly Active,9795,2169,1.0
7.3,85.0,Very Active,7271,2937,1.9
8.3,66.0,Active,16665,2164,3.3
6.5,59.0,Sedentary,2115,2355,3.0
7.8,58.0,Lightly Active,5613,3877,3.2
4.8,82.0,Very Active,8372,2394,3.4
8.6,50.0,Active,18130,3393,3.3
8.3,57.0,Active,5837,2686,3.0
6.6,77.0,Sedentary,5533,3342,2.3
7.5,76.0,Very Active,11610,3648,4.0
8.1,60.0,Lightly Active,13108,1826,2.7
5.8,87.0,Active,7831,3874,1.6
6.8,59.0,Very Active,3294,3557,1.9
5.4,69.0,Sedentary,17663,3900,3.1
8.4,68.0,Active,9550,1682,3.8
8.0,68.0,Sedentary,15830,1954,1.5
