athlete_id,age,gender,position,previous_injury,training_intensity,match_frequency,training_hours,fatigue_score,recovery_time,injury_indicator
ATH0001,22,Male,Sprinter,1,Medium,3,22.7,8.17,3.51,0
ATH0002,35,Male,Midfielder,0,Medium,8,35.0,4.07,6.27,0
ATH0003,30,Male,Gymnast,1,Low,3,31.2,8.25,3.46,1
ATH0004,26,Male,Sprinter,1,Low,10,33.2,4.05,4.11,0
ATH0005,23,Male,Midfielder,0,Medium,7,9.8,1.5,3.13,0
ATH0006,36,Male,Goalkeeper,0,Low,2,7.4,5.99,3.49,0
ATH0007,22,Male,Basketball Guard,0,Medium,4,36.3,6.29,0.6,1
ATH0008,34,Male,Goalkeeper,1,High,11,18.6,9.41,2.34,0
ATH0009,38,Male,Goalkeeper,0,High,6,15.1,7.53,3.34,0
ATH0010,26,Male,Midfielder,0,Medium,11,30.4,9.26,4.62,0
ATH0011,26,Male,Swimmer,0,Low,9,34.3,9.18,3.43,1
ATH0012,39,Female,Midfielder,1,High,5,35.2,6.44,2.7,1
ATH0013,36,Male,Cyclist,1,High,13,16.1,5.75,3.02,1
ATH0014,19,Female,Defender,1,Low,9,34.8,6.02,2.07,0
ATH0015,23,Male,Defender,0,Medium,5,6.4,9.8,6.51,0
ATH0016,39,Female,Sprinter,1,Low,10,6.7,7.96,3.89,0
ATH0017,18,Female,Defender,1,High,8,26.8,1.96,0.59,1
ATH0018,37,Male,Midfielder,1,High,13,7.2,8.01,0.63,0
ATH0019,36,Male,Tennis Player,1,Low,13,16.4,2.53,6.82,1
ATH0020,17,Male,Basketball Guard,0,High,1,28.5,5.03,1.94,0
ATH0021,39,Male,Midfielder,0,Medium,7,16.8,2.89,5.74,0
ATH0022,27,Female,Midfielder,1,High,4,,7.21,0.88,0
ATH0023,21,Female,Gymnast,0,Medium,5,14.8,8.9,6.49,0
ATH0024,17,Female,Basketball Guard,1,High,6,21.0,3.61,6.18,0
ATH0025,36,Male,Cyclist,1,Low,5,21.6,1.74,4.21,0
ATH0026,16,Female,Defender,0,Medium,12,32.4,3.69,0.56,0
ATH0027,27,Female,Basketball Guard,1,Low,1,31.3,7.05,,0
ATH0028,37,Male,Defender,0,High,12,21.0,3.96,3.14,0
ATH0029,27,Male,Sprinter,0,High,9,34.6,3.5,3.49,0
ATH0030,32,Female,Basketball Guard,1,High,2,9.0,2.66,2.43,0
ATH0031,25,Male,Defender,1,High,9,13.9,5.48,0.71,0
ATH0032,31,Female,Cyclist,0,Low,10,34.0,3.48,,0
ATH0033,30,Male,Forward,0,Medium,2,18.2,7.58,3.91,0
ATH0034,30,Female,Goalkeeper,1,Low,9,39.3,1.69,2.34,0
ATH0035,34,Male,Goalkeeper,1,Low,6,21.3,6.98,0.75,1
ATH0036,27,Male,Cyclist,1,Low,11,32.7,3.14,6.96,0
ATH0037,38,Male,Gymnast,0,Medium,9,19.1,5.4,3.63,0
ATH0038,35,Female,Forward,0,Low,13,19.9,3.57,5.41,0
ATH0039,18,Female,Sprinter,0,Low,6,18.4,7.5,3.44,0
ATH0040,20,Male,Cyclist,1,Low,6,30.2,9.51,0.78,1
ATH0041,34,Male,Goalkeeper,0,Low,13,24.2,9.25,2.51,0
ATH0042,22,Female,Goalkeeper,0,High,11,38.0,6.25,2.58,0
ATH0043,36,Male,Goalkeeper,1,High,14,13.8,5.16,5.95,0
ATH0044,24,Female,Swimmer,0,High,2,,8.36,4.75,0
ATH0045,22,Male,Cyclist,1,Medium,8,18.8,7.15,2.29,1
ATH0046,33,Male,Midfielder,1,Low,3,26.6,2.65,6.79,0
ATH0047,19,Male,Sprinter,1,High,7,35.1,8.39,2.59,0
ATH0048,29,Male,Goalkeeper,0,Medium,5,17.1,4.86,6.99,0
ATH0049,33,Female,Defender,0,Low,3,27.9,2.7,6.98,0
ATH0050,24,Male,Cyclist,1,Low,1,17.3,3.54,1.74,0
ATH0051,36,Male,Swimmer,1,Low,8,26.6,3.41,2.53,0
ATH0052,17,Female,Cyclist,1,Low,3,36.0,5.67,3.66,0
ATH0053,35,Male,Sprinter,0,Medium,2,13.1,3.11,4.82,0
ATH0054,30,Male,Swimmer,1,Medium,1,,2.11,3.93,1
ATH0055,22,Female,Sprinter,1,Low,4,39.8,2.11,6.8,0
ATH0056,27,Male,Cyclist,1,Low,13,35.4,6.25,5.21,0
ATH0057,23,Male,Midfielder,1,High,8,24.8,7.61,1.88,1
ATH0058,30,Female,Sprinter,1,Low,13,23.1,3.89,1.18,0
ATH0059,18,Male,Swimmer,1,Medium,3,15.0,1.31,,1
ATH0060,29,Male,Swimmer,0,High,14,23.1,2.15,1.53,0
ATH0061,32,Male,Sprinter,0,Low,1,34.7,9.23,5.62,0
ATH0062,19,Female,Tennis Player,0,Low,4,29.0,5.44,2.52,0
ATH0063,33,Male,Cyclist,0,Medium,9,15.2,5.08,2.62,0
ATH0064,23,Male,Tennis Player,0,Medium,13,12.1,1.34,0.57,0
ATH0065,19,Female,Gymnast,0,Medium,1,14.3,7.56,5.06,0
ATH0066,17,Female,Cyclist,0,High,12,10.9,5.75,,0
ATH0067,21,Male,Sprinter,0,Low,14,8.3,2.82,5.52,0
ATH0068,37,Male,Forward,1,Medium,11,19.7,1.99,3.7,0
ATH0069,25,Male,Sprinter,1,Medium,2,9.0,4.45,5.6,0
ATH0070,19,Female,Tennis Player,0,Low,9,11.0,8.53,,1
ATH0071,37,Male,Midfielder,1,Medium,2,24.2,8.79,1.04,0
ATH0072,33,Male,Sprinter,0,Low,13,10.8,6.43,5.48,1
ATH0073,27,Female,Sprinter,0,Medium,3,7.2,7.55,0.95,0
ATH0074,17,Female,Midfielder,0,Low,7,16.1,2.04,,0
ATH0075,25,Male,Sprinter,0,Medium,3,12.7,6.29,1.62,1
ATH0076,19,Female,Goalkeeper,1,Medium,9,23.0,7.0,5.39,0
ATH0077,29,Male,Forward,1,High,6,8.6,2.81,6.43,0
ATH0078,31,Female,Defender,0,Low,3,31.3,8.92,4.1,0
ATH0079,30,Male,Forward,0,Medium,9,36.7,2.75,3.93,0
ATH0080,23,Male,Sprinter,0,Medium,1,31.0,3.82,5.47,0
ATH0081,29,Female,Goalkeeper,0,Medium,10,23.6,6.59,0.53,1
ATH0082,38,Male,Cyclist,0,Medium,3,35.1,6.75,6.47,0
ATH0083,23,Male,Sprinter,0,Medium,1,29.3,7.29,1.78,0
ATH0084,36,Female,Tennis Player,1,High,2,5.4,2.01,6.9,0
ATH0085,31,Female,Goalkeeper,1,High,12,18.8,8.65,5.29,0
ATH0086,28,Male,Midfielder,0,Medium,8,34.8,5.8,5.53,0
ATH0087,33,Female,Goalkeeper,1,Medium,7,17.1,5.24,4.77,0
ATH0088,30,Male,Midfielder,0,High,2,6.2,9.83,3.57,0
ATH0089,36,Male,Gymnast,0,High,2,31.1,7.66,4.22,1
ATH0090,39,Male,Defender,0,High,9,33.1,2.06,0.8,0
ATH0091,28,Male,Basketball Guard,1,Medium,13,10.6,7.81,4.56,0
ATH0092,24,Female,Goalkeeper,1,Low,13,23.8,1.86,4.57,1
ATH0093,30,Male,Swimmer,1,Medium,6,11.7,1.25,6.29,0
ATH0094,28,Male,Tennis Player,0,Medium,5,,4.63,3.79,0
ATH0095,16,Male,Sprinter,1,Medium,10,14.5,9.94,1.0,0
ATH0096,22,Female,Tennis Player,0,Medium,6,16.1,2.57,2.49,0
ATH0097,24,Male,Forward,1,High,9,34.6,7.05,4.76,0
ATH0098,39,Male,Basketball Guard,0,Medium,11,21.7,2.56,2.06,0
ATH0099,16,Male,Forward,0,High,7,28.4,7.52,2.32,0
ATH0100,27,Male,Gymnast,1,Medium,10,19.1,5.55,5.83,1
ATH0101,23,Male,Basketball Guard,1,Medium,10,15.4,7.12,4.3,0
ATH0102,39,Female,Basketball Guard,0,Medium,14,26.9,2.83,3.81,0
ATH0103,26,Female,Forward,1,High,9,10.4,7.71,2.57,0
ATH0104,34,Male,Midfielder,0,Low,4,18.1,9.96,5.25,1
ATH0105,32,Female,Forward,1,Low,2,12.3,6.99,2.37,0
ATH0106,23,Female,Tennis Player,1,High,12,29.4,5.44,5.29,0
ATH0107,18,Female,Midfielder,1,Low,8,38.0,9.31,0.96,0
ATH0108,18,Male,Tennis Player,1,Medium,4,39.8,1.14,6.12,0
ATH0109,16,Male,Gymnast,0,Medium,13,,7.57,3.75,0
ATH0110,20,Male,Sprinter,0,Medium,9,13.8,9.0,3.35,0
ATH0111,25,Male,Cyclist,1,Medium,4,20.5,1.56,4.47,1
ATH0112,22,Female,Midfielder,0,Low,8,34.7,5.05,4.56,1
ATH0113,24,Female,Gymnast,0,Medium,9,12.2,2.84,1.36,0
ATH0114,22,Female,Swimmer,0,Medium,13,38.3,6.1,5.42,1
ATH0115,24,Male,Gymnast,0,Medium,9,17.0,6.85,2.29,0
ATH0116,23,Male,Forward,1,Low,10,39.5,3.72,6.38,0
ATH0117,27,Female,Forward,0,Medium,4,34.4,5.14,,0
ATH0118,17,Female,Cyclist,1,Low,1,33.3,3.51,2.75,1
ATH0119,16,Male,Gymnast,0,Low,3,16.1,4.32,5.75,0
ATH0120,31,Female,Defender,0,Low,9,5.3,2.44,2.82,0
ATH0121,38,Female,Sprinter,0,Low,4,18.4,8.97,1.16,0
ATH0122,38,Male,Forward,0,High,5,15.6,1.09,6.75,0
ATH0123,39,Male,Cyclist,0,Low,7,6.3,8.94,4.74,0
ATH0124,20,Male,Sprinter,1,High,5,22.7,6.15,3.46,1
ATH0125,18,Male,Gymnast,0,High,4,19.1,,3.09,1
ATH0126,27,Male,Gymnast,1,Medium,2,27.2,7.51,2.61,0
ATH0127,23,Female,Basketball Guard,0,Low,2,26.7,5.57,6.88,0
ATH0128,37,Male,Cyclist,0,Medium,13,9.2,5.49,1.38,1
ATH0129,18,Male,Forward,1,High,13,39.2,1.99,2.55,1
ATH0130,16,Male,Defender,0,Medium,4,11.5,4.51,3.66,0
ATH0131,18,Male,Gymnast,0,Low,10,20.6,3.17,3.61,0
ATH0132,20,Female,Defender,0,Medium,13,22.1,1.14,3.56,0
ATH0133,30,Male,Gymnast,0,High,10,33.5,4.24,1.64,1
ATH0134,29,Male,Forward,1,High,13,8.5,1.81,,0
ATH0135,18,Female,Sprinter,0,Low,9,20.0,3.31,2.16,0
ATH0136,16,Male,Goalkeeper,1,Medium,8,27.0,1.83,6.44,1
ATH0137,20,Male,Sprinter,1,Low,3,12.5,1.91,,1
ATH0138,38,Male,Gymnast,0,Low,14,27.0,2.79,5.42,0
ATH0139,29,Male,Tennis Player,1,High,9,37.3,10.0,5.42,1
ATH0140,22,Male,Goalkeeper,0,Low,14,39.9,1.02,5.76,0
ATH0141,24,Male,Goalkeeper,1,Low,5,6.1,6.75,6.26,0
ATH0142,30,Male,Defender,0,Low,11,13.2,2.27,2.21,0
ATH0143,30,Female,Cyclist,1,High,3,15.9,9.29,1.96,0
ATH0144,25,Male,Defender,0,High,5,19.0,1.84,3.53,0
ATH0145,28,Male,Defender,0,Medium,13,13.5,9.6,2.22,0
ATH0146,34,Male,Tennis Player,1,High,10,12.1,6.5,5.27,0
ATH0147,22,Male,Sprinter,1,Low,13,38.4,1.01,4.63,1
ATH0148,32,Female,Sprinter,0,Medium,4,37.1,9.05,6.19,0
ATH0149,35,Male,Swimmer,0,Medium,8,6.6,5.7,1.04,1
ATH0150,19,Female,Gymnast,1,Low,13,16.9,3.36,6.45,0
ATH0151,20,Male,Tennis Player,1,Medium,12,,7.91,2.41,0
ATH0152,38,Male,Swimmer,1,High,5,13.4,9.34,3.69,0
ATH0153,22,Male,Forward,1,Low,10,27.0,5.35,3.35,0
ATH0154,28,Female,Gymnast,1,Low,12,27.4,3.84,5.44,0
ATH0155,30,Male,Gymnast,1,Low,8,34.8,8.1,3.23,0
ATH0156,26,Male,Basketball Guard,0,Low,9,30.9,7.14,6.63,0
ATH0157,19,Male,Basketball Guard,0,High,4,24.0,9.0,6.37,0
ATH0158,28,Female,Midfielder,1,Medium,7,27.9,7.23,6.17,0
ATH0159,22,Male,Midfielder,1,Medium,2,14.6,,0.96,0
ATH0160,34,Female,Defender,0,High,6,25.8,9.38,6.05,0
ATH0161,37,Male,Forward,0,Low,8,22.1,1.94,5.58,0
ATH0162,17,Male,Goalkeeper,1,Medium,12,9.7,3.41,1.17,1
ATH0163,25,Male,Goalkeeper,0,Medium,7,13.5,5.68,1.2,0
ATH0164,28,Male,Basketball Guard,0,Medium,7,15.2,6.09,1.16,0
ATH0165,36,Male,Basketball Guard,0,High,8,37.4,1.14,0.57,0
ATH0166,21,Male,Basketball Guard,0,High,7,13.1,8.03,4.07,0
ATH0167,27,Female,Tennis Player,0,Medium,5,15.1,4.25,6.83,0
ATH0168,27,Male,Cyclist,0,High,7,17.9,4.66,3.35,1
ATH0169,35,Male,Midfielder,0,Low,13,28.2,8.28,4.01,0
ATH0170,26,Male,Tennis Player,1,Low,14,9.1,4.41,6.79,0
ATH0171,38,Male,Sprinter,0,Low,10,38.4,1.43,2.16,0
ATH0172,22,Male,Goalkeeper,1,Medium,3,35.3,2.59,6.08,0
ATH0173,16,Male,Gymnast,1,Medium,5,25.2,9.6,4.05,0
ATH0174,16,Male,Midfielder,0,Medium,7,,1.63,4.2,0
ATH0175,35,Female,Swimmer,1,High,9,5.6,4.19,2.73,0
ATH0176,28,Female,Sprinter,0,Medium,2,16.9,5.53,4.15,1
ATH0177,24,Male,Midfielder,1,Medium,4,32.8,5.44,0.98,0
ATH0178,18,Male,Tennis Player,0,Low,12,7.7,1.04,5.47,0
ATH0179,22,Male,Forward,1,Low,7,14.9,5.51,2.35,0
ATH0180,21,Male,Gymnast,1,Medium,1,25.5,4.45,6.27,1
ATH0181,23,Male,Midfielder,0,Medium,13,14.0,9.75,2.89,0
ATH0182,24,Male,Cyclist,0,High,2,37.7,2.43,1.43,0
ATH0183,20,Female,Basketball Guard,1,Low,9,9.6,4.19,5.02,0
ATH0184,16,Female,Basketball Guard,1,Low,13,32.9,4.78,1.57,1
ATH0185,34,Male,Gymnast,0,Medium,10,22.8,4.52,,1
ATH0186,25,Male,Tennis Player,1,Low,7,,6.99,6.79,1
ATH0187,27,Male,Basketball Guard,0,Low,12,15.9,,5.57,0
ATH0188,39,Female,Midfielder,1,Medium,10,23.0,2.99,0.65,0
ATH0189,30,Male,Swimmer,0,Low,7,35.0,7.56,4.4,0
ATH0190,37,Male,Goalkeeper,1,Medium,6,21.3,5.5,5.02,0
ATH0191,39,Female,Goalkeeper,0,Low,3,17.6,4.74,5.87,0
ATH0192,24,Male,Sprinter,0,Low,10,23.8,2.52,0.86,0
ATH0193,35,Female,Defender,0,Medium,3,30.1,2.69,3.62,0
ATH0194,32,Male,Forward,0,High,2,20.5,1.09,3.98,1
ATH0195,32,Male,Gymnast,0,Medium,11,37.9,1.82,1.6,0
ATH0196,35,Male,Sprinter,0,High,6,15.3,6.01,2.6,0
ATH0197,27,Female,Defender,1,Low,4,21.6,9.03,3.36,0
ATH0198,22,Female,Tennis Player,0,High,5,31.5,3.58,5.92,0
ATH0199,17,Female,Cyclist,0,Low,3,29.1,3.95,6.54,0
ATH0200,18,Male,Cyclist,0,Medium,6,,2.04,4.58,0
ATH0201,32,Female,Forward,0,Medium,11,39.9,4.5,3.07,0
ATH0202,20,Male,Basketball Guard,0,High,12,19.9,1.33,2.15,1
ATH0203,32,Male,Midfielder,0,Medium,3,8.9,9.26,6.88,0
ATH0204,39,Female,Sprinter,0,Low,14,6.1,7.06,6.89,0
ATH0205,32,Male,Sprinter,0,Low,14,30.4,9.92,6.51,0
ATH0206,32,Male,Gymnast,0,High,8,35.6,8.95,5.61,1
ATH0207,17,Male,Gymnast,1,Medium,9,12.7,5.26,2.62,0
ATH0208,17,Male,Cyclist,0,High,4,10.5,5.68,5.81,0
ATH0209,37,Male,Cyclist,0,Low,9,7.2,2.72,3.16,0
ATH0210,38,Male,Swimmer,1,Medium,12,33.8,5.16,2.62,1
ATH0211,20,Male,Swimmer,0,Low,7,15.9,9.13,5.34,0
ATH0212,16,Female,Basketball Guard,1,High,3,19.1,1.46,1.02,0
ATH0213,16,Female,Swimmer,0,Medium,7,22.6,8.77,0.82,0
ATH0214,34,Male,Midfielder,1,High,14,34.4,4.07,3.41,0
ATH0215,17,Male,Midfielder,1,Low,1,27.8,9.1,3.4,0
ATH0216,36,Male,Sprinter,0,Medium,3,26.5,9.47,6.32,1
ATH0217,27,Male,Goalkeeper,1,Medium,6,11.1,7.04,1.32,0
ATH0218,21,Male,Midfielder,0,Medium,4,23.0,6.98,1.3,0
ATH0219,38,Male,Defender,0,High,7,30.0,5.07,1.46,1
ATH0220,19,Male,Cyclist,1,High,14,39.1,8.52,0.69,0
ATH0221,38,Male,Gymnast,1,High,3,12.0,9.65,0.97,0
ATH0222,26,Male,Swimmer,0,Medium,1,5.3,7.98,4.79,0
ATH0223,39,Male,Sprinter,0,Low,9,7.6,6.6,3.31,1
ATH0224,32,Female,Forward,0,Low,6,18.2,6.46,5.46,1
ATH0225,21,Female,Gymnast,0,High,8,33.7,8.65,6.95,0
ATH0226,39,Male,Defender,1,Low,3,5.2,5.87,4.78,1
ATH0227,20,Female,Swimmer,0,Medium,8,21.0,8.23,0.83,0
ATH0228,35,Male,Defender,0,Medium,2,16.5,5.58,1.18,1
ATH0229,17,Female,Cyclist,0,Medium,12,6.8,1.56,6.23,0
ATH0230,21,Female,Cyclist,0,High,4,20.8,4.46,3.93,0
ATH0231,37,Male,Basketball Guard,0,Medium,3,13.9,5.0,5.86,0
ATH0232,26,Male,Sprinter,1,Medium,10,17.3,2.27,6.07,1
ATH0233,31,Male,Gymnast,1,Low,1,29.7,1.92,6.53,0
ATH0234,31,Male,Tennis Player,1,Medium,13,23.3,5.82,6.67,0
ATH0235,16,Male,Tennis Player,0,Low,13,9.4,1.77,4.11,0
ATH0236,24,Male,Gymnast,1,Medium,7,38.6,3.73,2.72,0
ATH0237,21,Male,Forward,1,High,11,27.3,7.7,6.75,0
ATH0238,31,Female,Sprinter,1,High,10,31.8,9.68,4.06,0
ATH0239,18,Female,Defender,0,Low,2,7.8,7.46,0.92,1
ATH0240,35,Male,Forward,0,Medium,4,6.6,9.93,4.68,0
ATH0241,19,Male,Goalkeeper,0,High,9,5.7,7.29,4.32,0
ATH0242,34,Male,Gymnast,0,Low,6,11.6,3.64,6.32,0
ATH0243,18,Male,Defender,0,Low,8,19.5,,4.75,0
ATH0244,34,Female,Tennis Player,0,Low,2,37.8,7.32,2.77,0
ATH0245,35,Male,Midfielder,0,Medium,7,21.0,4.35,6.78,0
ATH0246,22,Male,Basketball Guard,1,Low,6,15.2,,5.71,1
ATH0247,35,Male,Tennis Player,0,High,13,24.7,7.33,4.6,0
ATH0248,24,Male,Sprinter,0,Medium,14,8.9,1.2,2.4,0
ATH0249,16,Female,Cyclist,1,Medium,9,26.3,6.68,2.93,0
ATH0250,23,Female,Midfielder,1,Low,7,24.9,2.47,4.85,1
ATH0251,22,Male,Basketball Guard,1,Medium,1,32.7,6.09,0.97,0
ATH0252,33,Male,Basketball Guard,1,Medium,14,39.5,5.54,,0
ATH0253,23,Male,Goalkeeper,0,High,8,13.8,1.12,5.14,0
ATH0254,16,Female,Goalkeeper,1,High,11,22.8,4.27,,0
ATH0255,26,Female,Swimmer,0,Medium,10,36.8,6.41,3.12,0
ATH0256,33,Male,Tennis Player,0,High,3,32.5,8.64,1.48,0
ATH0257,38,Male,Tennis Player,0,High,14,22.1,9.0,3.37,0
ATH0258,25,Female,Tennis Player,0,High,2,38.1,5.35,5.51,0
ATH0259,18,Male,Swimmer,0,Low,12,7.0,7.56,2.22,0
ATH0260,22,Female,Forward,1,Low,3,37.6,3.85,0.54,0
ATH0261,31,Male,Basketball Guard,1,Low,11,6.8,4.08,4.85,0
ATH0262,31,Male,Midfielder,1,Medium,6,24.2,2.75,6.82,0
ATH0263,35,Male,Sprinter,0,Medium,13,36.2,6.06,4.44,1
ATH0264,32,Male,Basketball Guard,1,Medium,14,14.2,3.83,1.28,1
ATH0265,17,Male,Goalkeeper,1,High,3,21.5,1.76,2.58,1
ATH0266,16,Female,Defender,0,High,10,16.4,7.17,6.14,1
ATH0267,31,Male,Cyclist,1,High,5,38.3,7.37,2.01,1
ATH0268,27,Male,Swimmer,0,Medium,6,,4.24,4.45,0
ATH0269,20,Male,Gymnast,0,Medium,8,29.8,1.69,3.12,0
ATH0270,20,Male,Defender,1,Low,7,,4.84,1.85,0
ATH0271,38,Male,Sprinter,0,Low,14,33.7,4.98,5.79,0
ATH0272,24,Male,Tennis Player,0,Low,11,18.7,7.02,5.33,0
ATH0273,24,Female,Goalkeeper,1,Medium,8,20.7,3.84,4.8,0
ATH0274,18,Male,Goalkeeper,1,Medium,3,30.6,7.14,2.04,0
ATH0275,34,Male,Goalkeeper,0,High,4,17.5,8.84,1.14,0
ATH0276,31,Male,Tennis Player,0,Low,6,7.2,3.14,4.25,1
ATH0277,31,Female,Gymnast,0,Medium,11,7.6,9.81,4.1,0
ATH0278,18,Female,Swimmer,1,Medium,7,9.0,4.48,1.72,0
ATH0279,35,Female,Defender,0,Low,9,35.4,3.41,0.87,1
ATH0280,39,Male,Tennis Player,0,Medium,13,21.5,4.79,1.02,0
ATH0281,37,Male,Sprinter,1,Low,1,30.0,1.85,6.95,0
ATH0282,39,Male,Swimmer,0,Medium,13,18.8,2.13,5.59,0
ATH0283,16,Male,Sprinter,0,Medium,8,14.1,4.73,6.49,0
ATH0284,39,Male,Swimmer,0,Low,8,17.2,7.86,1.77,0
ATH0285,35,Male,Gymnast,1,Low,6,32.8,9.1,6.74,0
ATH0286,26,Male,Cyclist,0,Medium,4,26.9,6.98,1.43,0
ATH0287,32,Male,Sprinter,0,High,3,37.8,1.95,3.81,1
ATH0288,23,Female,Tennis Player,1,Medium,11,28.8,7.05,5.89,1
ATH0289,19,Male,Swimmer,0,Medium,3,25.0,6.72,2.77,1
ATH0290,21,Male,Goalkeeper,0,Medium,6,26.4,8.25,3.26,1
ATH0291,23,Female,Basketball Guard,0,High,13,38.0,8.43,1.33,0
ATH0292,35,Male,Goalkeeper,0,High,8,32.6,8.81,1.3,1
ATH0293,18,Female,Forward,0,Medium,7,5.8,4.73,4.53,0
ATH0294,31,Male,Cyclist,0,Medium,11,23.7,7.28,,0
ATH0295,18,Male,Cyclist,0,High,1,29.1,3.41,5.55,1
ATH0296,33,Female,Goalkeeper,0,Medium,11,31.2,9.99,4.12,0
ATH0297,29,Female,Defender,1,Medium,6,12.5,2.58,4.7,0
ATH0298,33,Female,Gymnast,1,Low,7,35.4,1.09,0.59,0
ATH0299,17,Male,Sprinter,1,High,12,38.5,2.34,1.55,0
ATH0300,37,Male,Tennis Player,1,High,7,13.3,7.98,6.9,0
ATH0301,18,Male,Cyclist,0,Low,9,,5.02,0.99,0
ATH0302,31,Male,Goalkeeper,1,Medium,11,8.4,5.03,4.91,0
ATH0303,24,Female,Goalkeeper,0,Medium,11,6.9,9.6,1.64,0
ATH0304,19,Male,Gymnast,1,Low,10,9.5,9.28,5.16,0
ATH0305,16,Female,Gymnast,1,High,5,7.0,3.8,5.09,0
ATH0306,19,Male,Midfielder,1,Low,1,34.6,2.88,2.02,0
ATH0307,16,Male,Midfielder,1,Low,2,7.1,8.64,2.25,0
ATH0308,29,Male,Defender,1,Medium,4,,9.15,4.76,0
ATH0309,36,Female,Defender,0,Medium,5,8.6,5.87,3.04,1
ATH0310,31,Female,Forward,0,Low,9,15.3,6.66,1.76,0
ATH0311,35,Female,Defender,1,Medium,11,8.2,3.31,5.26,0
ATH0312,39,Female,Swimmer,0,Medium,1,28.4,8.21,1.5,0
ATH0313,23,Female,Gymnast,1,Low,3,9.7,6.69,6.06,0
ATH0314,22,Female,Tennis Player,1,Low,5,34.8,5.53,3.85,0
ATH0315,18,Male,Swimmer,0,Medium,3,33.6,1.54,1.19,0
ATH0316,32,Male,Sprinter,1,Low,4,5.5,9.24,5.01,1
ATH0317,16,Male,Goalkeeper,1,High,14,36.4,6.54,3.87,0
ATH0318,31,Female,Defender,1,High,3,6.0,2.73,2.44,0
ATH0319,27,Female,Goalkeeper,1,High,4,13.4,6.46,3.25,0
ATH0320,34,Male,Cyclist,0,Low,14,6.1,7.1,2.44,0
ATH0321,37,Female,Forward,1,High,13,16.8,5.73,2.21,0
ATH0322,38,Female,Cyclist,1,Medium,13,23.0,7.46,1.56,0
ATH0323,37,Male,Forward,0,Medium,1,32.9,6.23,2.86,0
ATH0324,29,Male,Midfielder,0,Low,12,16.8,9.53,2.13,0
ATH0325,21,Female,Goalkeeper,1,Low,8,29.7,1.48,4.94,1
ATH0326,21,Male,Forward,0,Medium,4,11.6,,4.95,0
ATH0327,28,Female,Basketball Guard,1,Medium,7,31.3,2.56,3.76,0
ATH0328,34,Male,Swimmer,1,Low,2,13.3,7.21,5.56,0
ATH0329,37,Female,Forward,0,Medium,2,,6.81,5.97,1
ATH0330,23,Female,Forward,1,Low,6,11.5,9.03,4.27,0
ATH0331,17,Female,Swimmer,1,Medium,14,11.4,7.6,,0
ATH0332,36,Male,Goalkeeper,0,Medium,2,23.0,5.58,2.34,0
ATH0333,16,Female,Goalkeeper,0,High,6,34.6,9.93,6.32,0
ATH0334,30,Female,Swimmer,0,High,11,7.8,3.39,0.66,0
ATH0335,16,Male,Cyclist,0,Medium,2,29.7,8.5,2.77,0
ATH0336,20,Female,Basketball Guard,1,Medium,4,27.9,4.84,5.19,0
ATH0337,31,Male,Tennis Player,0,Medium,7,35.5,6.84,1.02,0
ATH0338,34,Male,Sprinter,1,High,8,13.5,7.55,1.69,0
ATH0339,19,Male,Basketball Guard,0,Medium,3,20.8,6.7,4.33,0
ATH0340,18,Male,Goalkeeper,0,Low,14,37.4,2.26,4.14,0
ATH0341,32,Male,Tennis Player,1,Low,13,28.1,4.99,5.3,1
ATH0342,32,Female,Midfielder,1,Medium,9,18.6,6.05,5.78,0
ATH0343,27,Male,Defender,0,Medium,2,9.6,8.64,1.34,0
ATH0344,29,Female,Forward,0,High,8,14.2,4.99,0.62,0
ATH0345,36,Male,Swimmer,0,Low,8,25.3,9.27,4.98,0
ATH0346,21,Male,Swimmer,0,Medium,13,30.1,4.96,2.46,0
ATH0347,18,Male,Forward,1,High,14,9.4,5.94,4.57,0
ATH0348,24,Female,Defender,0,High,4,26.0,8.17,1.48,0
ATH0349,20,Male,Sprinter,0,Medium,1,24.3,,3.55,0
ATH0350,39,Male,Defender,0,Medium,13,23.0,9.64,3.78,0
ATH0351,32,Female,Tennis Player,1,Medium,1,29.2,,4.3,0
ATH0352,29,Male,Defender,1,High,2,34.3,5.7,3.84,0
ATH0353,36,Male,Tennis Player,0,Low,14,16.3,1.21,3.72,0
ATH0354,18,Male,Defender,1,High,12,36.1,4.72,2.66,1
ATH0355,16,Female,Sprinter,0,Medium,14,10.6,3.69,0.96,1
ATH0356,35,Male,Sprinter,0,Medium,9,11.1,7.73,1.08,0
ATH0357,36,Female,Goalkeeper,1,Low,13,14.3,2.87,3.32,0
ATH0358,38,Male,Forward,1,Medium,2,9.2,2.85,2.81,0
ATH0359,16,Female,Sprinter,1,Medium,2,13.1,2.71,3.85,0
ATH0360,18,Female,Tennis Player,1,Low,6,8.7,2.13,2.48,0
ATH0361,33,Female,Sprinter,0,Medium,7,33.8,3.8,4.97,0
ATH0362,25,Male,Goalkeeper,1,High,13,9.9,8.97,6.12,0
ATH0363,37,Female,Swimmer,0,Medium,7,31.2,7.97,2.44,0
ATH0364,18,Male,Tennis Player,1,Medium,13,6.7,7.62,1.75,1
ATH0365,23,Male,Goalkeeper,0,Low,9,38.2,8.18,1.26,0
ATH0366,29,Male,Cyclist,1,Medium,6,29.9,,4.51,0
ATH0367,39,Female,Cyclist,0,Low,14,5.2,8.99,3.39,0
ATH0368,33,Female,Midfielder,0,Medium,8,31.7,2.24,1.72,0
ATH0369,30,Female,Defender,1,High,11,23.0,4.03,4.75,0
ATH0370,37,Male,Forward,0,Medium,6,32.3,6.28,1.47,0
ATH0371,38,Male,Gymnast,0,Low,2,23.3,1.93,4.1,0
ATH0372,17,Female,Basketball Guard,0,Medium,1,27.4,7.57,3.93,0
ATH0373,25,Male,Goalkeeper,0,Medium,5,32.5,4.49,5.27,0
ATH0374,17,Male,Swimmer,0,Medium,14,19.2,8.06,0.86,1
ATH0375,32,Male,Basketball Guard,0,High,9,5.1,5.44,6.27,0
ATH0376,23,Male,Swimmer,1,High,8,34.7,2.63,5.07,1
ATH0377,16,Male,Basketball Guard,0,Medium,14,18.3,7.61,1.9,0
ATH0378,24,Male,Goalkeeper,1,Medium,13,22.4,3.27,1.69,1
ATH0379,26,Male,Gymnast,1,Low,4,5.3,5.42,3.31,0
ATH0380,37,Male,Basketball Guard,0,Low,5,22.2,1.68,5.81,0
ATH0381,31,Female,Goalkeeper,1,Medium,13,39.5,6.56,5.98,0
ATH0382,22,Male,Sprinter,0,Medium,5,14.7,6.99,3.88,0
ATH0383,25,Male,Gymnast,1,Medium,6,18.8,4.41,6.1,0
ATH0384,38,Female,Tennis Player,0,Medium,3,29.1,9.59,0.54,0
ATH0385,18,Male,Swimmer,0,Low,5,33.5,8.87,0.73,0
ATH0386,33,Female,Cyclist,1,Medium,2,19.6,7.37,6.43,1
ATH0387,39,Female,Defender,1,Low,10,15.8,7.42,5.54,0
ATH0388,28,Male,Cyclist,1,Low,1,37.8,3.27,3.43,1
ATH0389,22,Male,Gymnast,0,High,11,28.7,6.91,5.4,0
ATH0390,19,Female,Tennis Player,1,Low,1,9.2,2.78,6.71,0
ATH0391,28,Female,Swimmer,0,Medium,10,7.4,,5.52,0
ATH0392,35,Male,Tennis Player,0,Low,7,21.9,10.0,5.98,0
ATH0393,16,Male,Basketball Guard,0,High,2,12.7,6.6,5.44,0
ATH0394,23,Male,Swimmer,1,Medium,4,13.9,4.88,1.59,0
ATH0395,29,Female,Basketball Guard,0,Low,5,35.7,3.59,5.92,0
ATH0396,31,Male,Goalkeeper,0,Medium,7,8.1,6.44,,0
ATH0397,29,Female,Gymnast,1,Medium,2,30.0,1.45,6.3,0
ATH0398,27,Male,Goalkeeper,0,High,14,14.5,1.85,3.48,0
ATH0399,34,Male,Midfielder,0,Low,6,31.6,1.3,4.9,0
ATH0400,38,Male,Tennis Player,0,High,1,30.3,5.49,3.73,0
ATH0401,30,Male,Basketball Guard,1,High,7,5.3,6.41,1.11,0
ATH0402,17,Male,Sprinter,0,High,9,22.8,1.56,2.39,0
ATH0403,17,Male,Goalkeeper,0,Medium,5,9.9,7.49,6.89,0
ATH0404,38,Male,Midfielder,1,Medium,5,35.3,3.07,6.74,0
ATH0405,37,Female,Forward,1,Medium,4,35.5,7.17,2.58,1
ATH0406,34,Male,Cyclist,0,High,3,19.6,9.84,6.98,0
ATH0407,37,Male,Swimmer,1,Medium,9,20.6,7.22,6.0,0
ATH0408,37,Female,Midfielder,1,Medium,5,15.6,8.95,,0
ATH0409,32,Female,Gymnast,1,Medium,8,30.1,9.53,,0
ATH0410,35,Female,Goalkeeper,0,Medium,9,17.6,5.38,6.36,0
ATH0411,25,Female,Gymnast,1,High,5,14.4,7.32,4.12,0
ATH0412,21,Male,Cyclist,0,Low,10,20.1,8.67,6.15,1
ATH0413,30,Male,Sprinter,0,High,9,8.2,4.21,5.92,0
ATH0414,37,Female,Tennis Player,0,Medium,2,31.1,3.35,5.91,0
ATH0415,26,Female,Tennis Player,0,High,9,5.4,9.52,5.04,0
ATH0416,20,Male,Gymnast,0,Medium,11,27.6,7.54,2.39,1
ATH0417,16,Female,Basketball Guard,1,Medium,4,11.4,2.98,2.69,1
ATH0418,23,Male,Sprinter,0,High,6,13.1,5.04,2.51,1
ATH0419,36,Male,Tennis Player,0,Low,6,27.2,8.17,0.63,1
ATH0420,27,Male,Sprinter,0,High,6,39.8,5.92,4.29,0
ATH0421,27,Male,Midfielder,0,Medium,2,32.2,6.85,5.04,0
ATH0422,20,Male,Sprinter,1,Medium,7,12.9,7.78,6.05,0
ATH0423,22,Male,Defender,0,Medium,13,11.2,6.6,1.41,0
ATH0424,19,Female,Cyclist,0,Medium,6,35.3,5.86,4.04,0
ATH0425,21,Male,Tennis Player,0,Medium,11,20.5,7.75,0.55,1
ATH0426,28,Male,Sprinter,0,Low,14,9.8,7.55,1.12,0
ATH0427,35,Female,Gymnast,0,Low,1,35.2,6.67,0.85,0
ATH0428,30,Female,Forward,1,Low,2,33.6,4.24,5.22,1
ATH0429,18,Female,Defender,1,High,7,39.4,,1.03,0
ATH0430,38,Female,Defender,0,High,1,36.8,9.73,5.16,0
ATH0431,23,Female,Basketball Guard,1,Medium,1,34.8,2.01,2.12,1
ATH0432,35,Male,Sprinter,1,Medium,1,6.8,3.42,6.21,1
ATH0433,31,Male,Basketball Guard,1,Medium,8,8.7,,5.79,0
ATH0434,28,Male,Basketball Guard,0,Medium,4,24.9,8.53,6.73,1
ATH0435,33,Male,Forward,0,High,4,23.6,2.47,6.24,0
ATH0436,25,Male,Midfielder,0,High,13,21.0,3.49,6.57,1
ATH0437,34,Female,Sprinter,1,Medium,2,18.9,1.59,,0
ATH0438,32,Male,Goalkeeper,1,High,11,20.1,7.35,5.01,0
ATH0439,39,Male,Tennis Player,0,Low,11,24.9,3.14,1.61,0
ATH0440,34,Male,Basketball Guard,0,High,11,5.1,4.5,2.27,0
ATH0441,38,Female,Cyclist,1,Low,1,14.1,4.99,1.88,0
ATH0442,20,Male,Swimmer,1,Medium,12,23.1,9.02,4.42,0
ATH0443,36,Female,Cyclist,1,Medium,10,30.3,4.7,3.77,0
ATH0444,38,Male,Forward,1,Medium,9,11.1,2.31,6.14,1
ATH0445,24,Male,Forward,0,Low,7,24.1,5.72,6.69,1
ATH0446,27,Male,Gymnast,1,High,4,30.0,9.67,3.13,0
ATH0447,36,Female,Midfielder,1,Low,12,20.6,6.47,3.79,0
ATH0448,16,Male,Tennis Player,0,Medium,6,5.9,9.85,6.81,0
ATH0449,16,Female,Basketball Guard,0,Low,14,20.7,8.57,2.3,0
ATH0450,30,Male,Cyclist,1,Medium,2,15.4,1.32,5.65,0
ATH0451,17,Male,Swimmer,0,Medium,7,37.5,6.93,1.96,0
ATH0452,37,Female,Forward,1,Medium,2,9.4,3.58,4.93,0
ATH0453,31,Female,Forward,1,Low,10,27.8,,2.15,1
ATH0454,23,Female,Midfielder,1,Low,8,6.8,3.51,6.24,0
ATH0455,28,Female,Swimmer,0,Medium,8,20.6,4.14,4.15,0
ATH0456,36,Female,Swimmer,0,High,1,24.4,9.31,1.71,0
ATH0457,16,Female,Midfielder,1,High,13,,2.86,1.96,0
ATH0458,31,Female,Forward,0,Low,8,20.9,8.87,3.71,0
ATH0459,22,Female,Tennis Player,1,Medium,2,10.7,1.27,6.75,0
ATH0460,20,Female,Sprinter,1,Low,6,15.6,1.82,5.5,1
ATH0461,37,Male,Sprinter,0,Low,13,26.7,8.69,3.67,1
ATH0462,38,Female,Midfielder,0,Medium,1,15.6,6.68,2.7,0
ATH0463,18,Male,Swimmer,0,Medium,5,36.5,7.73,4.07,0
ATH0464,27,Female,Basketball Guard,0,Low,11,27.0,2.88,5.36,0
ATH0465,31,Female,Midfielder,1,Low,7,20.4,5.83,5.6,0
ATH0466,34,Male,Tennis Player,1,Low,13,6.4,7.63,2.61,1
ATH0467,20,Female,Midfielder,1,High,10,22.5,6.65,5.19,0
ATH0468,37,Male,Defender,1,High,1,31.8,5.25,4.78,0
ATH0469,29,Male,Cyclist,0,Low,2,14.3,9.64,6.73,0
ATH0470,20,Female,Swimmer,1,Low,7,33.2,7.09,6.55,1
ATH0471,30,Male,Gymnast,1,High,6,13.8,9.17,5.63,0
ATH0472,32,Female,Gymnast,1,High,3,33.8,7.57,5.2,0
ATH0473,29,Female,Swimmer,1,Medium,14,8.0,7.62,2.28,0
ATH0474,35,Male,Tennis Player,0,Low,10,35.3,1.72,6.0,0
ATH0475,20,Male,Defender,1,Low,2,22.5,4.24,3.28,0
ATH0476,27,Male,Defender,0,Medium,10,15.4,8.73,2.27,0
ATH0477,31,Male,Forward,0,Medium,4,14.3,3.09,3.0,1
ATH0478,31,Female,Cyclist,0,Low,3,20.1,2.04,5.93,0
ATH0479,36,Male,Sprinter,1,Medium,7,40.0,3.93,1.47,0
ATH0480,22,Male,Goalkeeper,1,Low,8,12.7,2.98,3.47,0
ATH0481,19,Male,Tennis Player,1,High,2,8.6,,3.7,1
ATH0482,16,Male,Goalkeeper,1,Medium,10,25.5,8.81,0.74,1
ATH0483,20,Female,Goalkeeper,1,Low,7,22.1,5.5,,0
ATH0484,38,Male,Swimmer,1,Medium,8,23.3,1.55,5.87,0
ATH0485,25,Female,Gymnast,0,Medium,6,28.3,7.43,5.9,0
ATH0486,37,Male,Gymnast,0,High,6,14.4,6.61,2.4,0
ATH0487,20,Female,Sprinter,0,Medium,10,36.9,9.73,6.19,0
ATH0488,19,Male,Swimmer,1,Low,1,20.2,6.03,5.52,1
ATH0489,17,Male,Goalkeeper,1,Medium,4,9.5,4.03,3.22,0
ATH0490,35,Female,Basketball Guard,0,Low,14,31.0,5.67,5.36,0
ATH0491,25,Male,Gymnast,0,High,1,27.5,9.81,6.75,0
ATH0492,34,Female,Tennis Player,1,Medium,4,16.1,7.27,3.48,0
ATH0493,16,Female,Tennis Player,0,Medium,2,26.8,7.05,2.05,0
ATH0494,39,Male,Forward,1,Low,11,12.7,3.17,6.62,0
ATH0495,20,Male,Midfielder,1,Medium,13,20.6,7.69,4.42,1
ATH0496,28,Female,Basketball Guard,0,High,5,36.5,7.75,1.18,0
ATH0497,19,Male,Gymnast,0,High,10,9.7,3.86,4.22,0
ATH0498,31,Male,Defender,1,Low,14,18.5,5.35,3.75,0
ATH0499,39,Male,Gymnast,1,Low,9,33.7,3.65,6.06,1
ATH0500,31,Male,Forward,0,High,11,38.9,3.33,3.95,1
ATH0501,38,Male,Tennis Player,1,High,12,20.9,1.23,2.16,0
ATH0502,17,Female,Goalkeeper,0,Low,10,22.7,3.57,4.89,0
ATH0503,32,Female,Defender,0,Medium,3,25.0,5.99,4.03,0
ATH0504,35,Female,Swimmer,1,Medium,8,37.6,1.01,,0
ATH0505,39,Female,Cyclist,1,High,3,35.0,3.55,4.23,1
ATH0506,27,Male,Goalkeeper,0,Low,6,11.0,8.93,5.84,0
ATH0507,33,Female,Cyclist,1,Low,4,20.3,6.34,,0
ATH0508,18,Male,Basketball Guard,1,High,8,21.2,6.47,4.6,0
ATH0509,16,Male,Midfielder,0,Low,11,32.6,4.63,2.77,0
ATH0510,16,Male,Defender,0,Medium,6,26.1,7.09,2.4,0
ATH0511,34,Male,Sprinter,1,Medium,8,27.9,2.71,3.05,0
ATH0512,26,Female,Defender,0,Medium,1,39.9,,2.72,1
ATH0513,20,Female,Gymnast,0,Medium,6,7.6,2.05,5.91,0
ATH0514,27,Male,Tennis Player,0,Medium,1,12.8,6.9,2.29,0
ATH0515,18,Male,Gymnast,1,Low,1,19.3,4.07,5.27,0
ATH0516,16,Female,Gymnast,1,Medium,8,17.2,7.73,1.11,0
ATH0517,16,Male,Basketball Guard,1,High,7,5.8,5.95,6.68,0
ATH0518,23,Male,Goalkeeper,0,High,3,8.2,5.07,4.55,1
ATH0519,25,Male,Sprinter,1,Low,6,28.8,2.52,5.09,1
ATH0520,26,Female,Sprinter,1,Low,9,35.8,6.73,2.44,0
ATH0521,27,Female,Gymnast,1,Low,7,23.0,9.77,3.18,0
ATH0522,28,Male,Cyclist,1,Medium,12,23.9,8.43,1.95,0
ATH0523,27,Male,Basketball Guard,0,Medium,3,13.9,1.54,6.56,0
ATH0524,29,Female,Gymnast,1,Medium,14,31.9,4.39,3.67,0
ATH0525,17,Female,Midfielder,0,Low,14,31.3,9.33,4.6,0
ATH0526,34,Male,Tennis Player,0,Low,13,25.6,5.53,5.27,0
ATH0527,33,Female,Goalkeeper,0,Medium,6,12.4,6.96,2.91,0
ATH0528,18,Male,Swimmer,0,Medium,11,,9.21,5.18,0
ATH0529,38,Male,Midfielder,0,Low,4,7.2,,,1
ATH0530,32,Female,Cyclist,1,Medium,14,25.7,5.52,5.09,1
ATH0531,23,Male,Defender,0,Low,13,33.9,4.94,3.68,0
ATH0532,25,Male,Defender,1,High,3,35.0,4.06,2.99,1
ATH0533,17,Male,Midfielder,0,High,9,21.2,7.47,1.94,0
ATH0534,34,Male,Gymnast,0,Low,10,32.4,3.58,5.86,0
ATH0535,24,Female,Swimmer,1,Low,2,38.1,3.25,4.45,0
ATH0536,22,Male,Forward,0,Medium,1,14.6,4.21,3.39,0
ATH0537,19,Female,Forward,0,Low,14,18.9,2.59,6.64,0
ATH0538,36,Male,Cyclist,1,Medium,2,37.6,7.26,0.81,0
ATH0539,33,Male,Gymnast,0,High,7,16.8,6.55,6.03,0
ATH0540,28,Male,Sprinter,0,Medium,10,37.0,5.35,6.98,0
ATH0541,26,Female,Sprinter,0,High,1,39.3,4.51,,1
ATH0542,39,Male,Goalkeeper,1,Medium,6,28.2,9.18,5.77,0
ATH0543,19,Female,Swimmer,1,Low,14,33.6,1.26,2.93,1
ATH0544,36,Male,Swimmer,1,Medium,7,31.2,7.92,2.0,0
ATH0545,19,Female,Defender,1,Medium,9,29.5,9.12,5.28,0
ATH0546,25,Male,Basketball Guard,0,Medium,14,15.7,5.02,2.48,1
ATH0547,20,Female,Cyclist,0,Low,8,7.0,5.96,1.64,0
ATH0548,24,Female,Forward,1,Low,6,17.0,9.5,5.61,0
ATH0549,39,Female,Cyclist,0,High,3,28.3,2.91,2.53,0
ATH0550,18,Female,Sprinter,0,Low,8,8.6,5.68,6.44,0
ATH0551,32,Female,Sprinter,0,High,7,5.4,5.27,5.96,0
ATH0552,18,Male,Midfielder,0,High,3,9.9,3.33,6.01,0
ATH0553,31,Male,Goalkeeper,1,High,9,30.1,,5.52,1
ATH0554,19,Male,Swimmer,0,Medium,12,39.0,9.1,,0
ATH0555,33,Female,Tennis Player,0,Medium,2,39.4,8.04,5.74,1
ATH0556,32,Male,Cyclist,0,High,3,22.3,2.76,4.42,0
ATH0557,22,Female,Sprinter,1,Low,2,35.4,1.78,2.42,0
ATH0558,39,Male,Basketball Guard,0,Medium,13,30.8,6.45,6.27,0
ATH0559,38,Male,Defender,0,Medium,1,22.5,1.51,5.96,0
ATH0560,20,Male,Forward,1,Medium,4,25.0,7.06,3.57,0
ATH0561,27,Female,Goalkeeper,1,Medium,5,9.8,5.77,0.75,0
ATH0562,32,Male,Basketball Guard,0,Medium,13,37.8,6.97,4.65,0
ATH0563,38,Male,Goalkeeper,0,Medium,6,17.3,6.31,0.83,0
ATH0564,28,Male,Midfielder,0,High,5,20.6,4.8,6.52,0
ATH0565,38,Male,Tennis Player,0,Low,1,28.5,2.81,6.75,0
ATH0566,18,Male,Sprinter,0,High,3,16.7,3.75,1.73,1
ATH0567,24,Male,Defender,0,Medium,1,13.9,5.72,,0
ATH0568,32,Female,Basketball Guard,0,High,11,27.1,6.87,1.1,0
ATH0569,32,Male,Goalkeeper,0,Medium,5,5.9,8.02,5.24,0
ATH0570,35,Male,Swimmer,1,High,5,30.2,7.9,,0
ATH0571,31,Male,Midfielder,1,Low,12,23.0,9.75,4.93,0
ATH0572,37,Male,Swimmer,1,High,11,26.2,3.57,2.92,0
ATH0573,28,Male,Defender,0,Low,13,27.1,1.64,1.45,0
ATH0574,34,Male,Basketball Guard,0,High,6,23.4,4.11,3.14,0
ATH0575,32,Male,Midfielder,1,High,8,25.4,7.69,1.23,0
ATH0576,19,Male,Basketball Guard,0,Low,10,28.9,4.94,4.25,0
ATH0577,27,Female,Sprinter,0,Low,12,31.4,8.36,0.77,0
ATH0578,24,Female,Gymnast,1,High,1,30.5,5.94,3.93,0
ATH0579,34,Female,Midfielder,1,Low,4,35.4,9.37,6.26,0
ATH0580,27,Male,Swimmer,1,High,10,11.6,9.53,5.95,0
ATH0581,24,Male,Defender,0,Low,11,,1.62,6.24,0
ATH0582,22,Male,Tennis Player,0,Low,1,38.2,5.11,6.49,0
ATH0583,29,Male,Sprinter,1,High,9,18.9,6.49,1.18,0
ATH0584,35,Female,Gymnast,0,Medium,11,9.4,3.3,1.34,0
ATH0585,34,Male,Tennis Player,1,High,7,23.4,4.66,4.12,0
ATH0586,30,Male,Forward,1,Medium,7,8.8,7.1,6.31,0
ATH0587,31,Male,Sprinter,1,Medium,12,12.1,3.04,6.83,0
ATH0588,36,Female,Defender,0,Medium,5,39.9,6.42,0.8,0
ATH0589,20,Male,Goalkeeper,0,Medium,7,23.9,7.28,2.81,0
ATH0590,18,Male,Midfielder,1,Medium,12,14.9,1.81,1.88,0
ATH0591,27,Male,Basketball Guard,1,Medium,2,,5.48,5.41,0
ATH0592,35,Male,Defender,1,Medium,14,38.8,3.37,4.66,0
ATH0593,36,Male,Midfielder,0,Low,13,20.4,7.52,1.28,0
ATH0594,19,Male,Tennis Player,0,High,4,14.1,2.71,3.64,0
ATH0595,36,Male,Basketball Guard,1,Low,14,34.3,9.03,4.96,0
ATH0596,38,Male,Cyclist,1,Medium,14,30.0,4.88,5.56,0
ATH0597,31,Male,Swimmer,1,Low,7,29.0,2.78,0.63,0
ATH0598,22,Male,Forward,0,Medium,3,36.3,4.94,6.29,0
ATH0599,28,Male,Sprinter,1,Medium,2,29.1,4.68,4.2,0
ATH0600,36,Female,Defender,1,Low,10,14.9,4.86,5.78,1
ATH0601,25,Female,Forward,1,Low,2,29.3,6.27,5.75,0
ATH0602,22,Male,Goalkeeper,0,Low,13,15.7,5.69,1.73,0
ATH0603,29,Male,Midfielder,0,Medium,1,31.6,2.35,1.22,0
ATH0604,20,Male,Midfielder,1,High,5,26.7,1.59,5.19,0
ATH0605,18,Male,Defender,0,Low,12,7.7,7.56,1.52,0
ATH0606,38,Female,Gymnast,0,Medium,6,22.9,6.04,6.02,0
ATH0607,26,Male,Gymnast,1,Medium,6,17.0,4.23,5.22,0
ATH0608,26,Female,Cyclist,0,Medium,9,16.5,8.28,5.97,1
ATH0609,33,Male,Swimmer,1,High,4,26.1,4.49,2.44,0
ATH0610,30,Male,Basketball Guard,0,Medium,1,16.3,8.16,2.56,0
ATH0611,27,Female,Goalkeeper,1,Medium,6,32.2,3.75,4.86,0
ATH0612,24,Female,Forward,1,Low,5,7.5,1.66,0.7,1
ATH0613,25,Female,Gymnast,0,Low,10,28.1,9.39,5.22,0
ATH0614,27,Female,Cyclist,0,Low,6,33.3,4.55,5.93,0
ATH0615,32,Male,Cyclist,0,Low,3,28.5,8.13,3.2,1
ATH0616,21,Female,Defender,0,Medium,2,,3.51,5.47,1
ATH0617,22,Male,Goalkeeper,1,Medium,6,38.3,6.82,1.63,1
ATH0618,29,Female,Tennis Player,1,Medium,13,15.5,8.86,2.59,0
ATH0619,28,Male,Basketball Guard,0,Low,1,5.7,1.37,6.83,0
ATH0620,23,Female,Swimmer,0,Low,7,20.1,8.48,6.91,1
ATH0621,25,Male,Sprinter,0,Medium,7,6.2,6.14,3.83,0
ATH0622,24,Male,Defender,1,High,10,38.4,6.47,6.57,0
ATH0623,33,Male,Basketball Guard,0,Low,13,12.3,5.71,3.9,0
ATH0624,17,Female,Sprinter,1,High,7,32.6,8.87,2.4,1
ATH0625,20,Male,Sprinter,1,Medium,12,32.1,1.39,2.23,0
ATH0626,20,Male,Goalkeeper,1,Medium,11,12.6,3.35,6.54,0
ATH0627,21,Male,Goalkeeper,0,Medium,10,26.7,8.88,,0
ATH0628,34,Male,Forward,1,Low,1,6.7,7.77,4.27,0
ATH0629,23,Female,Cyclist,0,Low,4,21.9,1.16,4.11,0
ATH0630,31,Male,Basketball Guard,0,Medium,13,5.5,,5.31,0
ATH0631,28,Female,Defender,1,Medium,7,37.2,5.77,3.75,0
ATH0632,16,Male,Midfielder,1,High,11,39.2,4.61,2.27,0
ATH0633,37,Male,Defender,0,Medium,9,12.8,3.68,1.6,0
ATH0634,35,Female,Forward,0,Low,5,12.3,7.14,4.54,0
ATH0635,32,Female,Swimmer,0,Medium,13,31.4,,5.17,0
ATH0636,22,Male,Cyclist,0,Low,2,13.9,8.19,4.2,0
ATH0637,28,Male,Midfielder,0,Medium,7,36.3,8.23,5.3,1
ATH0638,19,Female,Gymnast,0,Medium,10,25.1,4.74,1.42,0
ATH0639,19,Male,Swimmer,0,High,1,17.3,3.55,6.24,1
ATH0640,21,Female,Goalkeeper,1,High,7,34.1,3.55,4.29,0
ATH0641,34,Female,Sprinter,1,Medium,6,22.3,5.34,1.32,1
ATH0642,27,Female,Gymnast,1,Medium,7,36.9,7.48,3.5,0
ATH0643,37,Male,Defender,0,High,14,37.5,4.23,5.99,1
ATH0644,22,Female,Defender,1,Low,13,10.8,6.49,6.33,0
ATH0645,25,Male,Goalkeeper,1,Low,10,5.1,4.44,2.22,0
ATH0646,34,Male,Forward,1,Low,3,39.4,3.74,5.12,0
ATH0647,22,Male,Basketball Guard,1,Low,3,36.7,1.22,,0
ATH0648,18,Male,Gymnast,1,Medium,7,6.9,1.04,0.72,0
ATH0649,28,Female,Gymnast,0,Medium,13,34.2,3.04,4.14,0
ATH0650,28,Female,Tennis Player,0,Medium,2,21.0,4.66,5.02,0
ATH0651,33,Female,Swimmer,1,Low,1,14.1,8.66,5.67,0
ATH0652,35,Male,Cyclist,1,Medium,9,35.8,8.19,2.71,0
ATH0653,23,Male,Swimmer,1,Medium,9,11.9,3.4,0.54,0
ATH0654,24,Male,Basketball Guard,0,Medium,7,38.2,3.2,3.62,0
ATH0655,22,Female,Defender,0,Medium,7,12.2,3.05,0.6,0
ATH0656,16,Male,Defender,0,Medium,3,26.5,4.05,1.1,0
ATH0657,18,Female,Defender,1,Low,10,,5.48,2.62,0
ATH0658,28,Male,Tennis Player,1,Low,2,24.1,4.95,3.34,0
ATH0659,32,Male,Defender,0,High,11,28.9,2.96,2.32,0
ATH0660,39,Female,Basketball Guard,0,High,7,11.7,2.17,4.28,0
ATH0661,16,Male,Goalkeeper,0,Medium,9,23.2,1.11,0.86,0
ATH0662,21,Female,Cyclist,1,Low,1,21.4,,1.44,1
ATH0663,36,Female,Basketball Guard,1,Medium,13,7.5,7.35,5.02,1
ATH0664,21,Male,Cyclist,1,Medium,14,33.6,3.19,1.42,0
ATH0665,27,Male,Basketball Guard,0,High,4,16.7,5.22,4.66,0
ATH0666,28,Male,Defender,1,Low,6,25.1,6.32,0.86,0
ATH0667,28,Female,Goalkeeper,0,Low,7,23.0,8.98,3.15,0
ATH0668,30,Male,Gymnast,1,Medium,10,23.0,9.0,1.65,0
ATH0669,36,Male,Swimmer,0,Medium,7,8.8,7.71,1.21,0
ATH0670,31,Male,Sprinter,0,Low,10,,1.32,4.19,0
ATH0671,37,Female,Goalkeeper,1,Low,2,20.8,6.18,6.53,0
ATH0672,36,Male,Gymnast,1,Medium,14,30.7,8.08,0.86,0
ATH0673,26,Female,Forward,0,High,4,34.4,1.16,3.24,0
ATH0674,20,Female,Basketball Guard,1,High,5,24.1,5.95,5.1,1
ATH0675,19,Male,Forward,0,Medium,14,8.0,8.72,3.51,0
ATH0676,18,Male,Gymnast,0,Medium,12,13.3,5.27,5.74,0
ATH0677,34,Female,Goalkeeper,0,Low,1,10.8,1.04,,0
ATH0678,35,Male,Basketball Guard,0,Medium,1,9.4,1.1,6.74,0
ATH0679,33,Female,Sprinter,0,Medium,10,17.8,4.75,3.0,0
ATH0680,30,Male,Defender,0,Medium,3,13.0,2.4,2.72,0
ATH0681,24,Male,Basketball Guard,0,Medium,10,12.6,6.98,6.18,0
ATH0682,32,Female,Basketball Guard,1,Low,3,6.9,7.38,4.17,0
ATH0683,29,Male,Goalkeeper,0,Low,12,5.6,2.6,3.86,0
ATH0684,30,Male,Goalkeeper,1,Medium,8,8.6,9.0,5.23,1
ATH0685,16,Male,Gymnast,0,Low,9,11.0,4.98,4.27,0
ATH0686,36,Male,Midfielder,1,Low,14,20.1,2.29,1.56,0
ATH0687,37,Male,Basketball Guard,0,High,11,22.9,7.88,4.88,1
ATH0688,37,Male,Swimmer,0,Medium,12,9.9,8.11,1.37,0
ATH0689,18,Female,Basketball Guard,0,Medium,1,19.9,6.75,5.74,0
ATH0690,31,Male,Gymnast,0,High,14,17.0,8.68,6.93,0
ATH0691,38,Female,Cyclist,0,High,11,11.4,7.64,2.95,1
ATH0692,26,Male,Forward,1,Medium,2,5.2,8.94,,0
ATH0693,27,Female,Defender,1,High,10,21.3,4.9,0.8,0
ATH0694,25,Male,Midfielder,1,Medium,2,29.0,7.73,0.59,0
ATH0695,31,Female,Sprinter,1,Medium,4,12.9,10.0,6.49,0
ATH0696,23,Male,Sprinter,0,Medium,2,9.6,7.52,1.34,0
ATH0697,21,Male,Sprinter,0,Medium,7,36.0,2.03,3.4,0
ATH0698,27,Male,Goalkeeper,0,Medium,13,14.6,5.66,5.8,0
ATH0699,39,Male,Sprinter,0,Medium,9,12.8,6.29,6.28,0
ATH0700,36,Male,Defender,0,Low,7,35.0,2.57,3.88,0
ATH0701,23,Male,Forward,0,Medium,12,33.6,9.67,4.17,0
ATH0702,19,Female,Sprinter,0,Low,6,20.7,2.58,4.85,0
ATH0703,23,Male,Basketball Guard,0,Medium,10,22.1,2.6,6.75,0
ATH0704,33,Male,Basketball Guard,1,Medium,1,12.6,9.24,4.42,0
ATH0705,20,Male,Goalkeeper,1,Medium,11,7.7,5.19,4.14,0
ATH0706,24,Female,Defender,0,High,10,25.1,1.57,0.59,0
ATH0707,19,Male,Forward,1,High,9,8.4,,1.03,1
ATH0708,37,Male,Midfielder,1,Medium,5,20.7,6.42,4.25,0
ATH0709,32,Male,Gymnast,0,Medium,11,37.9,1.58,6.59,0
ATH0710,24,Female,Forward,0,Medium,5,38.3,9.75,6.13,0
ATH0711,16,Female,Gymnast,0,Low,6,13.4,5.9,6.89,0
ATH0712,36,Male,Cyclist,1,Low,9,26.8,6.04,3.93,1
ATH0713,35,Female,Gymnast,1,Low,13,21.6,5.68,5.62,1
ATH0714,28,Female,Swimmer,0,Medium,8,35.6,6.5,5.96,0
ATH0715,31,Male,Basketball Guard,0,Medium,8,14.5,3.38,4.71,0
ATH0716,28,Female,Defender,1,High,14,5.1,3.59,2.7,0
ATH0717,29,Male,Tennis Player,0,Low,8,10.7,5.6,3.55,0
ATH0718,18,Male,Goalkeeper,0,Low,1,17.2,8.26,6.08,0
ATH0719,21,Male,Swimmer,1,High,1,16.1,1.45,,1
ATH0720,33,Male,Gymnast,1,Low,8,,6.43,6.5,0
ATH0721,34,Male,Sprinter,1,Medium,5,28.8,8.26,1.99,0
ATH0722,20,Female,Defender,1,Medium,9,15.5,2.41,5.37,0
ATH0723,30,Male,Swimmer,1,Medium,2,21.0,1.14,4.6,1
ATH0724,17,Male,Goalkeeper,0,Low,9,8.3,3.81,5.37,0
ATH0725,25,Male,Basketball Guard,1,Low,12,36.4,6.29,3.34,0
ATH0726,39,Female,Defender,0,Low,14,37.7,2.24,6.56,0
ATH0727,33,Male,Goalkeeper,1,Medium,8,39.3,4.84,4.61,0
ATH0728,28,Male,Cyclist,0,Medium,9,35.4,5.97,2.37,0
ATH0729,20,Male,Cyclist,1,Low,4,11.1,6.39,4.65,1
ATH0730,38,Male,Goalkeeper,0,Medium,1,6.6,3.47,2.36,0
ATH0731,39,Female,Swimmer,0,High,1,25.3,4.6,2.41,0
ATH0732,16,Female,Defender,0,Low,5,36.9,8.01,3.1,1
ATH0733,37,Male,Swimmer,0,Medium,2,11.2,9.47,6.04,1
ATH0734,16,Female,Midfielder,1,Medium,14,5.2,8.76,3.75,1
ATH0735,33,Male,Gymnast,1,Low,8,33.2,,4.91,1
ATH0736,30,Female,Midfielder,0,Medium,10,7.7,4.69,3.05,0
ATH0737,32,Male,Cyclist,0,Medium,11,19.5,4.0,2.21,0
ATH0738,26,Male,Basketball Guard,0,High,5,28.8,2.12,6.71,0
ATH0739,36,Male,Forward,0,High,5,13.3,1.96,4.42,0
ATH0740,37,Female,Gymnast,0,Medium,2,7.9,7.2,6.57,0
ATH0741,32,Male,Cyclist,1,Medium,7,32.0,3.34,1.82,0
ATH0742,28,Male,Swimmer,0,Medium,13,27.1,3.29,1.45,1
ATH0743,16,Male,Swimmer,0,Medium,8,39.6,9.98,6.06,0
ATH0744,17,Female,Swimmer,0,Medium,10,17.1,2.69,,0
ATH0745,24,Male,Basketball Guard,0,Low,13,7.2,2.33,1.71,0
ATH0746,18,Female,Midfielder,0,Medium,1,30.7,1.89,2.25,0
ATH0747,16,Female,Forward,1,Medium,2,23.3,6.22,5.7,0
ATH0748,36,Male,Swimmer,0,Medium,10,12.5,6.65,3.45,0
ATH0749,31,Female,Tennis Player,0,High,4,32.4,4.29,4.86,1
ATH0750,38,Male,Gymnast,0,Low,5,12.1,5.82,2.57,0
ATH0751,21,Female,Defender,0,Medium,13,14.1,8.1,2.98,0
ATH0752,32,Male,Tennis Player,0,Low,2,8.2,8.36,6.94,0
ATH0753,20,Female,Forward,1,High,1,19.0,9.62,2.11,1
ATH0754,20,Female,Basketball Guard,1,Medium,9,19.7,8.42,3.79,0
ATH0755,21,Female,Forward,1,Medium,14,23.0,,5.99,1
ATH0756,18,Female,Defender,0,Medium,1,29.8,2.62,2.05,0
ATH0757,36,Male,Gymnast,0,Medium,13,36.7,1.9,3.2,0
ATH0758,38,Male,Defender,0,High,4,9.8,1.49,4.5,1
ATH0759,20,Female,Goalkeeper,1,Medium,2,6.9,7.0,3.63,1
ATH0760,36,Male,Gymnast,1,Medium,11,5.6,8.27,3.49,0
ATH0761,20,Male,Forward,0,High,4,10.0,5.58,2.86,0
ATH0762,25,Female,Swimmer,0,Low,8,28.0,1.49,4.31,1
ATH0763,25,Female,Forward,0,Low,8,30.5,,4.56,0
ATH0764,34,Female,Forward,1,Medium,11,32.5,9.42,4.75,0
ATH0765,32,Male,Gymnast,1,High,12,13.5,6.38,0.96,0
ATH0766,36,Female,Goalkeeper,0,Medium,9,15.7,8.28,4.6,0
ATH0767,29,Male,Forward,0,Low,13,21.9,8.2,6.7,0
ATH0768,24,Female,Tennis Player,1,Medium,11,7.2,9.39,4.02,0
ATH0769,29,Male,Cyclist,0,Medium,12,26.4,7.93,5.15,0
ATH0770,16,Female,Sprinter,0,Low,5,39.4,7.73,4.12,0
ATH0771,34,Female,Sprinter,0,Medium,7,17.6,3.11,6.06,0
ATH0772,28,Male,Forward,1,High,3,31.3,1.54,6.54,0
ATH0773,28,Female,Tennis Player,0,Medium,10,22.5,5.66,1.7,0
ATH0774,19,Male,Swimmer,0,Medium,4,9.5,2.12,3.34,0
ATH0775,16,Female,Basketball Guard,1,Medium,10,25.4,9.66,3.05,0
ATH0776,32,Female,Basketball Guard,0,Low,9,15.5,,3.13,0
ATH0777,23,Male,Gymnast,0,High,10,6.2,8.68,1.32,1
ATH0778,17,Female,Sprinter,0,Medium,10,27.2,4.49,5.79,0
ATH0779,23,Female,Forward,0,Medium,14,35.1,3.91,0.73,1
ATH0780,22,Male,Basketball Guard,1,Medium,12,17.1,9.42,3.93,0
ATH0781,17,Male,Forward,0,Medium,1,18.7,4.27,4.8,0
ATH0782,37,Female,Gymnast,0,Medium,2,36.2,4.51,1.85,0
ATH0783,37,Female,Sprinter,1,Low,5,33.5,1.95,6.39,0
ATH0784,18,Female,Defender,1,High,3,30.0,7.03,5.95,0
ATH0785,33,Female,Cyclist,1,High,2,13.7,3.6,3.56,0
ATH0786,27,Male,Cyclist,0,Medium,1,36.9,6.27,3.17,0
ATH0787,16,Female,Basketball Guard,0,High,10,10.4,6.32,2.04,0
ATH0788,37,Male,Cyclist,1,Low,3,26.9,7.47,5.24,0
ATH0789,27,Male,Defender,0,Medium,1,6.0,7.71,1.36,1
ATH0790,20,Male,Forward,1,Medium,12,27.5,5.63,4.92,1
ATH0791,32,Male,Gymnast,1,Medium,1,14.7,3.98,5.98,1
ATH0792,31,Male,Defender,1,Medium,12,20.7,8.54,1.99,1
ATH0793,30,Male,Gymnast,0,Medium,1,17.1,3.79,6.13,0
ATH0794,38,Female,Gymnast,0,Low,8,11.0,5.57,0.72,0
ATH0795,30,Male,Sprinter,1,Medium,3,26.8,,6.43,0
ATH0796,20,Male,Forward,0,Low,11,35.9,8.7,1.27,1
ATH0797,36,Male,Tennis Player,0,Medium,1,38.6,4.89,4.7,0
ATH0798,29,Male,Cyclist,1,Low,7,11.7,4.47,2.13,0
ATH0799,17,Male,Tennis Player,1,Low,10,30.1,7.21,5.94,1
ATH0800,26,Male,Sprinter,0,Medium,3,28.3,6.42,3.83,0
ATH0801,34,Male,Gymnast,0,Medium,8,17.0,1.97,1.38,0
ATH0802,22,Female,Basketball Guard,0,High,4,5.7,5.57,4.21,0
ATH0803,21,Male,Cyclist,1,Medium,4,29.1,7.62,3.15,0
ATH0804,17,Male,Cyclist,1,Medium,5,38.1,9.93,4.8,0
ATH0805,21,Male,Forward,0,High,6,27.1,6.66,6.23,1
ATH0806,33,Female,Goalkeeper,0,Medium,7,20.2,4.33,3.16,0
ATH0807,17,Male,Midfielder,1,Low,14,23.4,3.04,2.38,0
ATH0808,33,Male,Midfielder,0,Medium,14,12.0,8.86,0.59,0
ATH0809,30,Male,Midfielder,0,High,4,31.3,8.33,4.24,0
ATH0810,34,Male,Goalkeeper,1,Medium,8,31.1,3.11,3.11,0
ATH0811,17,Male,Forward,0,Low,13,10.1,2.81,2.94,0
ATH0812,35,Male,Goalkeeper,1,Low,6,35.7,7.44,1.69,0
ATH0813,21,Male,Midfielder,0,Low,14,14.4,3.83,3.3,0
ATH0814,16,Male,Sprinter,0,Medium,1,39.4,3.76,6.9,0
ATH0815,39,Male,Defender,1,Medium,1,18.4,2.37,2.44,0
ATH0816,30,Female,Gymnast,0,Low,9,11.2,3.38,4.4,0
ATH0817,38,Female,Goalkeeper,1,High,10,17.3,4.85,5.55,0
ATH0818,25,Female,Forward,1,High,6,20.4,7.6,5.37,1
ATH0819,34,Female,Forward,0,Medium,10,7.4,4.03,2.64,1
ATH0820,32,Male,Tennis Player,0,High,8,25.2,3.96,4.47,0
ATH0821,20,Male,Defender,0,Low,13,25.9,3.56,6.16,0
ATH0822,19,Male,Basketball Guard,0,Medium,7,30.9,5.3,0.6,1
ATH0823,25,Male,Cyclist,0,Medium,12,6.0,2.63,3.33,0
ATH0824,39,Female,Midfielder,0,High,6,23.9,5.37,1.96,0
ATH0825,32,Male,Basketball Guard,0,High,4,6.9,7.34,3.03,1
ATH0826,25,Female,Tennis Player,1,Low,7,29.5,1.27,3.2,0
ATH0827,32,Male,Midfielder,1,High,9,7.0,1.09,5.35,0
ATH0828,35,Female,Defender,1,Low,14,,1.68,1.11,0
ATH0829,39,Male,Tennis Player,0,High,11,29.6,5.82,3.83,0
ATH0830,20,Male,Midfielder,0,High,10,22.8,8.69,4.17,0
ATH0831,17,Male,Defender,1,Low,10,20.5,1.04,3.71,0
ATH0832,21,Male,Swimmer,0,Medium,14,9.6,9.43,5.26,1
ATH0833,36,Male,Basketball Guard,0,Low,7,15.2,1.96,2.99,1
ATH0834,17,Male,Basketball Guard,1,Medium,1,35.4,8.58,6.64,0
ATH0835,28,Female,Cyclist,1,Medium,10,36.7,5.35,3.63,0
ATH0836,26,Male,Defender,0,Medium,9,5.0,6.93,4.21,0
ATH0837,26,Male,Goalkeeper,0,High,13,25.8,5.6,5.87,0
ATH0838,31,Male,Swimmer,1,Medium,4,30.2,5.29,2.29,1
ATH0839,26,Female,Sprinter,1,Medium,3,26.7,8.51,0.99,0
ATH0840,34,Male,Midfielder,1,High,4,7.9,7.8,5.1,0
ATH0841,30,Male,Swimmer,1,High,4,12.6,5.35,3.64,0
ATH0842,38,Male,Defender,1,Low,13,13.8,2.0,6.33,0
ATH0843,38,Male,Gymnast,0,High,10,34.1,2.04,6.89,1
ATH0844,31,Female,Midfielder,0,Low,11,21.2,8.21,3.09,0
ATH0845,26,Male,Forward,1,High,2,22.0,5.76,3.2,0
ATH0846,37,Male,Basketball Guard,1,Low,14,37.7,5.33,3.15,0
ATH0847,31,Female,Defender,1,Low,12,27.3,7.13,2.61,1
ATH0848,23,Male,Forward,0,Medium,14,36.5,8.73,5.58,0
ATH0849,19,Male,Cyclist,0,Medium,1,21.0,6.66,5.43,1
ATH0850,23,Male,Tennis Player,1,Medium,12,10.2,7.87,3.61,0
ATH0851,19,Female,Sprinter,1,Low,10,37.5,7.89,0.79,0
ATH0852,39,Male,Sprinter,1,Medium,12,21.1,4.21,2.51,0
ATH0853,18,Female,Forward,1,High,1,11.4,3.47,2.4,0
ATH0854,18,Male,Basketball Guard,1,Medium,13,15.6,8.21,5.77,1
ATH0855,33,Male,Cyclist,1,Low,14,6.8,4.39,1.07,1
ATH0856,34,Male,Gymnast,1,Medium,8,21.4,9.13,5.74,0
ATH0857,34,Female,Basketball Guard,1,Low,14,34.9,,4.85,1
ATH0858,36,Male,Swimmer,1,High,2,37.7,1.52,5.26,1
ATH0859,20,Female,Sprinter,0,High,12,37.6,9.34,3.31,0
ATH0860,33,Female,Swimmer,0,Medium,10,9.4,6.84,4.92,1
ATH0861,25,Male,Midfielder,1,Medium,5,18.4,4.42,4.46,0
ATH0862,37,Male,Goalkeeper,0,High,12,6.0,7.8,5.5,1
ATH0863,36,Male,Defender,0,Medium,4,34.9,7.05,3.4,0
ATH0864,21,Male,Cyclist,0,High,8,17.6,5.78,3.57,0
ATH0865,16,Female,Basketball Guard,0,Medium,2,27.1,1.89,4.68,0
ATH0866,20,Female,Sprinter,0,High,10,30.0,8.31,1.2,1
ATH0867,24,Male,Swimmer,0,Medium,9,20.0,8.79,3.34,0
ATH0868,27,Male,Tennis Player,1,Medium,7,15.7,,6.82,0
ATH0869,29,Female,Midfielder,0,High,13,38.7,8.65,,0
ATH0870,17,Male,Defender,0,Medium,7,38.8,8.9,2.55,0
ATH0871,32,Female,Defender,0,Medium,1,15.1,5.94,2.54,0
ATH0872,29,Male,Basketball Guard,1,Low,14,21.8,6.91,4.62,1
ATH0873,28,Female,Cyclist,0,Medium,12,39.0,4.44,1.19,0
ATH0874,24,Male,Gymnast,1,Medium,2,5.2,3.54,4.59,0
ATH0875,30,Male,Tennis Player,1,Low,4,19.4,7.5,1.12,0
ATH0876,37,Male,Basketball Guard,1,Low,4,8.5,8.76,1.12,1
ATH0877,30,Male,Swimmer,0,Medium,11,22.8,6.89,5.23,0
ATH0878,39,Male,Goalkeeper,1,High,14,5.9,5.6,2.61,0
ATH0879,26,Female,Forward,0,Medium,3,19.2,2.43,6.85,1
ATH0880,31,Female,Gymnast,1,Low,7,12.7,1.48,0.74,1
ATH0881,32,Male,Cyclist,1,Medium,12,23.7,5.01,3.39,1
ATH0882,19,Male,Midfielder,0,Low,8,39.9,1.44,1.24,0
ATH0883,16,Male,Gymnast,0,Medium,2,33.0,6.12,2.78,1
ATH0884,23,Male,Sprinter,0,Low,4,34.6,4.44,6.99,0
ATH0885,32,Male,Cyclist,1,Low,14,27.2,7.81,6.28,0
ATH0886,18,Male,Goalkeeper,0,Low,3,6.5,3.75,,0
ATH0887,35,Male,Sprinter,1,Medium,2,12.2,6.34,4.16,0
ATH0888,30,Male,Gymnast,0,Low,12,37.4,5.84,4.71,1
ATH0889,30,Male,Forward,1,Medium,13,17.8,1.04,1.86,0
ATH0890,39,Male,Forward,1,Medium,14,8.6,1.65,1.44,0
ATH0891,37,Female,Goalkeeper,1,Medium,6,29.6,3.61,6.38,0
ATH0892,29,Male,Defender,1,Medium,13,15.5,8.94,6.8,0
ATH0893,38,Female,Tennis Player,0,High,4,14.4,2.32,6.95,0
ATH0894,29,Male,Midfielder,0,Low,6,39.9,7.4,5.63,0
ATH0895,39,Male,Defender,1,Medium,2,35.0,9.76,4.81,0
ATH0896,17,Female,Forward,0,Low,12,19.3,8.12,2.75,0
ATH0897,28,Female,Forward,0,Low,4,39.3,3.19,1.61,0
ATH0898,29,Female,Swimmer,0,Medium,11,,9.18,1.01,1
ATH0899,39,Male,Sprinter,0,Medium,6,31.0,1.84,5.01,0
ATH0900,34,Male,Gymnast,0,High,14,6.1,5.21,5.6,0
ATH0901,22,Female,Midfielder,1,Medium,5,9.3,8.99,5.87,0
ATH0902,18,Male,Goalkeeper,0,High,3,27.2,6.77,6.44,1
ATH0903,30,Male,Gymnast,1,Low,8,36.5,4.72,6.22,0
ATH0904,38,Male,Swimmer,0,Low,7,26.8,3.64,7.0,0
ATH0905,29,Male,Forward,1,Low,3,9.7,4.38,2.09,0
ATH0906,26,Female,Goalkeeper,0,Low,6,9.1,5.58,5.46,0
ATH0907,30,Male,Forward,1,Medium,4,34.5,3.87,4.31,1
ATH0908,28,Male,Midfielder,1,Medium,11,9.9,9.72,2.2,0
ATH0909,33,Male,Sprinter,0,Low,5,23.2,9.4,6.88,0
ATH0910,21,Male,Gymnast,1,High,11,6.3,,6.34,0
ATH0911,18,Male,Gymnast,1,High,5,7.8,4.8,1.34,0
ATH0912,34,Male,Defender,1,Low,7,28.5,7.22,0.67,0
ATH0913,30,Male,Goalkeeper,1,Low,11,29.1,9.13,4.97,0
ATH0914,38,Female,Tennis Player,0,Low,5,17.0,8.65,4.43,0
ATH0915,20,Male,Swimmer,1,Low,11,12.5,4.73,6.58,0
ATH0916,25,Male,Tennis Player,0,Low,3,33.5,2.01,2.02,0
ATH0917,22,Female,Defender,0,Medium,10,12.6,1.68,1.05,0
ATH0918,32,Female,Midfielder,1,Low,5,24.0,6.19,2.18,0
ATH0919,22,Male,Swimmer,0,Medium,7,38.9,6.78,0.62,0
ATH0920,37,Male,Sprinter,1,High,5,10.2,8.65,0.73,1
ATH0921,27,Male,Tennis Player,1,Medium,5,37.9,3.63,,1
ATH0922,32,Female,Sprinter,1,High,9,11.4,2.51,2.79,0
ATH0923,28,Female,Tennis Player,1,Low,3,,4.41,3.17,0
ATH0924,35,Female,Sprinter,0,Medium,13,18.2,4.18,0.62,0
ATH0925,19,Male,Tennis Player,0,Medium,6,38.8,2.19,2.26,0
ATH0926,25,Female,Sprinter,0,Low,1,14.6,7.05,5.73,0
ATH0927,18,Male,Defender,0,Low,10,19.0,5.58,4.5,0
ATH0928,24,Male,Cyclist,0,Medium,5,39.4,7.49,5.4,0
ATH0929,28,Male,Swimmer,0,Medium,8,23.8,4.17,3.41,0
ATH0930,33,Female,Goalkeeper,1,Medium,5,22.6,3.93,2.51,0
ATH0931,30,Male,Midfielder,1,Medium,9,14.0,5.25,3.64,0
ATH0932,19,Female,Basketball Guard,0,Medium,11,29.5,8.9,2.6,0
ATH0933,30,Male,Forward,1,Low,6,5.5,1.36,5.95,0
ATH0934,37,Male,Goalkeeper,0,Medium,8,6.7,8.24,2.43,0
ATH0935,17,Male,Forward,0,Low,10,,4.32,4.79,0
ATH0936,30,Male,Swimmer,1,Low,8,17.0,8.69,1.39,0
ATH0937,23,Female,Goalkeeper,1,High,13,38.4,8.22,4.96,0
ATH0938,23,Male,Sprinter,1,Medium,3,36.6,4.14,6.44,0
ATH0939,32,Female,Sprinter,0,Medium,7,30.0,7.24,4.46,0
ATH0940,27,Female,Basketball Guard,1,Medium,14,33.6,2.44,4.14,0
ATH0941,34,Female,Forward,1,Medium,7,28.4,9.07,6.75,1
ATH0942,25,Male,Midfielder,1,Low,14,9.4,4.64,4.58,0
ATH0943,24,Male,Swimmer,1,Low,10,31.8,5.1,2.19,0
ATH0944,20,Male,Sprinter,1,Low,12,12.4,7.35,2.4,0
ATH0945,21,Female,Cyclist,1,High,6,16.3,8.39,5.08,0
ATH0946,35,Female,Defender,1,Medium,12,33.7,3.13,5.28,1
ATH0947,17,Male,Defender,1,Medium,7,23.8,6.95,2.47,1
ATH0948,39,Female,Tennis Player,1,Medium,14,35.1,4.53,2.74,0
ATH0949,28,Male,Midfielder,0,High,2,12.5,4.32,6.94,0
ATH0950,21,Male,Defender,1,Low,9,26.3,7.21,1.16,0
ATH0951,20,Male,Tennis Player,0,Low,10,7.9,4.48,3.13,0
ATH0952,16,Female,Forward,0,Medium,10,27.5,4.11,0.91,0
ATH0953,36,Male,Sprinter,1,High,1,31.7,8.52,5.84,0
ATH0954,37,Female,Sprinter,1,High,1,25.5,1.91,1.1,1
ATH0955,36,Female,Cyclist,1,Low,3,14.3,7.08,4.88,1
ATH0956,21,Female,Goalkeeper,0,High,14,6.1,3.24,0.87,0
ATH0957,21,Male,Defender,0,High,3,9.2,1.14,4.87,0
ATH0958,38,Male,Forward,0,Low,1,26.8,2.5,5.98,0
ATH0959,31,Male,Gymnast,1,Medium,12,37.7,6.46,3.09,0
ATH0960,19,Male,Defender,1,Medium,7,12.2,7.38,3.89,0
ATH0961,26,Male,Midfielder,1,High,4,30.7,1.19,3.11,1
ATH0962,39,Female,Goalkeeper,1,Low,10,35.3,1.33,2.45,0
ATH0963,38,Male,Defender,1,High,13,23.2,9.12,5.72,0
ATH0964,24,Male,Forward,1,Medium,2,28.4,1.66,2.27,0
ATH0965,38,Male,Defender,0,Medium,10,33.5,9.05,5.2,0
ATH0966,18,Male,Midfielder,0,Medium,5,14.1,3.05,1.84,0
ATH0967,34,Male,Gymnast,1,Medium,6,15.4,7.66,2.12,0
ATH0968,23,Male,Swimmer,1,High,9,5.0,3.79,2.69,1
ATH0969,20,Female,Basketball Guard,0,High,4,38.7,8.73,4.33,0
ATH0970,19,Male,Gymnast,1,High,2,37.1,,3.45,1
ATH0971,39,Female,Tennis Player,0,Low,5,31.8,4.62,5.34,0
ATH0972,21,Female,Defender,0,Medium,3,7.8,1.69,1.89,0
ATH0973,17,Male,Sprinter,1,Low,2,,7.59,0.57,0
ATH0974,35,Female,Cyclist,1,Medium,12,8.6,6.55,5.55,0
ATH0975,26,Male,Sprinter,1,Medium,1,5.6,1.03,5.84,1
ATH0976,19,Female,Gymnast,0,Medium,10,26.6,1.08,0.89,1
ATH0977,30,Male,Sprinter,0,Medium,2,38.6,8.28,4.47,0
ATH0978,21,Female,Forward,1,High,6,36.6,3.33,,1
ATH0979,37,Female,Sprinter,1,Low,8,29.4,6.73,5.66,0
ATH0980,32,Female,Goalkeeper,0,Medium,13,8.4,5.09,6.18,1
ATH0981,39,Female,Swimmer,1,Medium,3,14.6,8.77,6.03,0
ATH0982,21,Male,Defender,0,Low,11,16.2,9.25,5.55,0
ATH0983,34,Male,Sprinter,1,Low,9,31.7,9.97,2.25,0
ATH0984,17,Male,Midfielder,1,High,12,33.1,2.38,5.78,0
ATH0985,30,Male,Swimmer,0,High,9,18.5,8.77,3.97,0
ATH0986,26,Female,Swimmer,0,High,2,19.6,3.39,0.84,0
ATH0987,23,Male,Sprinter,1,High,8,6.6,6.32,3.47,1
ATH0988,34,Female,Swimmer,1,Low,10,15.1,,6.62,0
ATH0989,28,Male,Cyclist,1,Medium,11,20.8,1.16,6.27,0
ATH0990,27,Female,Sprinter,1,Medium,12,,9.39,1.16,0
ATH0991,20,Male,Forward,1,Medium,5,20.9,1.7,5.34,0
ATH0992,21,Female,Gymnast,1,Medium,4,34.9,7.19,5.74,0
ATH0993,37,Female,Goalkeeper,0,Medium,10,25.3,8.07,2.26,0
ATH0994,19,Male,Basketball Guard,0,Medium,5,7.8,,3.57,0
ATH0995,34,Male,Tennis Player,0,Medium,4,11.7,2.22,5.12,0
ATH0996,35,Female,Swimmer,0,Low,8,21.6,5.03,3.35,0
ATH0997,16,Male,Forward,1,Medium,4,17.7,8.46,1.23,0
ATH0998,35,Male,Defender,0,Medium,13,17.6,3.72,5.09,1
ATH0999,32,Male,Defender,1,Medium,10,23.5,5.21,6.43,0
ATH1000,27,Male,Tennis Player,1,Low,12,25.5,3.46,4.74,0
